periodo,uf,cnae_secao,n_amostral,total_expandido,share_pct
2025T1,AC,A,178,12687.73758235,19.94
2025T1,AC,B,2,106.52430794,0.17
2025T1,AC,C,91,8306.36882421,13.05
2025T1,AC,E,1,98.5488823,0.15
2025T1,AC,F,59,6231.55371584,9.79
2025T1,AC,G,10,1013.25138313,1.59
2025T1,AC,H,47,5354.39818445,8.41
2025T1,AC,I,48,5030.67876504,7.9
2025T1,AC,J,3,461.7648831,0.73
2025T1,AC,K,1,141.44773646,0.22
2025T1,AC,L,2,182.80656446,0.29
2025T1,AC,M,15,1393.28014198,2.19
2025T1,AC,N,33,3328.37820919,5.23
2025T1,AC,P,5,456.24506895,0.72
2025T1,AC,Q,3,297.85166709,0.47
2025T1,AC,R,7,553.0966094,0.87
2025T1,AC,S,69,7292.56186911,11.46
2025T1,AC,,103,10705.91585698,16.82
2025T1,AL,A,286,32557.51885395,13.0
2025T1,AL,B,5,764.80009347,0.31
2025T1,AL,C,100,16939.33117515,6.76
2025T1,AL,F,224,40351.00458713,16.11
2025T1,AL,G,38,7273.1430128599995,2.9
2025T1,AL,H,156,30960.39149984,12.36
2025T1,AL,I,101,16818.51751391,6.72
2025T1,AL,J,5,1014.1156306500001,0.4
2025T1,AL,K,1,218.50206375,0.09
2025T1,AL,L,10,2079.13384257,0.83
2025T1,AL,M,32,6641.15021839,2.65
2025T1,AL,N,27,4865.75347063,1.94
2025T1,AL,P,10,1680.03391684,0.67
2025T1,AL,Q,14,3250.88573433,1.3
2025T1,AL,R,13,2555.26239938,1.02
2025T1,AL,S,152,30339.31851403,12.11
2025T1,AL,,278,52136.33081094,20.82
2025T1,AM,A,767,131524.44856273,25.88
2025T1,AM,C,115,34647.30208087,6.82
2025T1,AM,E,7,3256.15318665,0.64
2025T1,AM,F,150,53103.94322075,10.45
2025T1,AM,G,32,11219.90762728,2.21
2025T1,AM,H,148,57707.10408697,11.35
2025T1,AM,I,100,35033.81991985,6.89
2025T1,AM,J,5,2130.19893131,0.42
2025T1,AM,K,1,356.24986872,0.07
2025T1,AM,L,2,925.8335463599999,0.18
2025T1,AM,M,15,5183.13605187,1.02
2025T1,AM,N,36,11204.62488682,2.2
2025T1,AM,P,6,2454.83199392,0.48
2025T1,AM,Q,16,6464.45644647,1.27
2025T1,AM,R,19,7593.33843149,1.49
2025T1,AM,S,140,49431.72931652,9.73
2025T1,AM,,282,96008.45289067,18.89
2025T1,AP,A,93,15346.26537114,17.51
2025T1,AP,B,1,297.14100852,0.34
2025T1,AP,C,39,6836.52890617,7.8
2025T1,AP,F,86,17527.84169522,20.0
2025T1,AP,G,13,2277.55569386,2.6
2025T1,AP,H,53,9868.42772194,11.26
2025T1,AP,I,24,3912.01079205,4.46
2025T1,AP,L,4,905.4237093300001,1.03
2025T1,AP,M,13,2128.52311952,2.43
2025T1,AP,N,7,954.8233828799999,1.09
2025T1,AP,P,1,97.17347254,0.11
2025T1,AP,Q,4,1439.55653104,1.64
2025T1,AP,R,1,348.16414134,0.4
2025T1,AP,S,63,10793.1697957,12.31
2025T1,AP,,76,14927.06260353,17.03
2025T1,BA,A,901,369418.26379824,23.89
2025T1,BA,B,13,6884.9666439,0.45
2025T1,BA,C,178,123677.75619401,8.0
2025T1,BA,E,1,1275.01469461,0.08
2025T1,BA,F,257,185698.35885638,12.01
2025T1,BA,G,66,44928.28147453,2.91
2025T1,BA,H,152,130468.18838837,8.44
2025T1,BA,I,206,138126.36357556,8.93
2025T1,BA,J,2,1605.85737551,0.1
2025T1,BA,L,6,7124.68371793,0.46
2025T1,BA,M,47,39004.3795747,2.52
2025T1,BA,N,31,28151.148696879998,1.82
2025T1,BA,P,26,18083.54946961,1.17
2025T1,BA,Q,16,13883.87758145,0.9
2025T1,BA,R,15,11577.401508160001,0.75
2025T1,BA,S,191,157547.12407134,10.19
2025T1,BA,,350,268566.43042032,17.37
2025T1,CE,A,474,135033.77319042,14.97
2025T1,CE,B,1,226.23100513,0.03
2025T1,CE,C,277,130366.98548768,14.45
2025T1,CE,E,1,498.166705,0.06
2025T1,CE,F,254,118881.51777878,13.18
2025T1,CE,G,78,35615.09288029,3.95
2025T1,CE,H,136,65169.19888602,7.22
2025T1,CE,I,147,64279.16475042,7.13
2025T1,CE,J,4,1484.96623899,0.16
2025T1,CE,K,2,656.4673661,0.07
2025T1,CE,L,4,1531.55299768,0.17
2025T1,CE,M,41,19532.54486595,2.17
2025T1,CE,N,29,11739.62719192,1.3
2025T1,CE,P,26,11547.004486759999,1.28
2025T1,CE,Q,14,5755.2417245,0.64
2025T1,CE,R,31,15548.72131021,1.72
2025T1,CE,S,187,91924.74123063,10.19
2025T1,CE,,447,192335.28341997,21.32
2025T1,DF,A,26,4586.74849448,2.36
2025T1,DF,C,45,15445.89076978,7.96
2025T1,DF,F,94,30266.12411067,15.6
2025T1,DF,G,23,7716.8692331600005,3.98
2025T1,DF,H,63,22498.23765326,11.6
2025T1,DF,I,50,15186.58898298,7.83
2025T1,DF,J,6,2124.21096124,1.09
2025T1,DF,K,5,1408.82180418,0.73
2025T1,DF,L,3,1248.15851315,0.64
2025T1,DF,M,28,10901.25962919,5.62
2025T1,DF,N,15,5214.55488112,2.69
2025T1,DF,P,10,3573.40362469,1.84
2025T1,DF,Q,18,6862.28757442,3.54
2025T1,DF,R,6,2255.75933596,1.16
2025T1,DF,S,102,32430.29306466,16.71
2025T1,DF,,95,32311.7481619,16.65
2025T1,ES,A,509,86056.75551835,23.62
2025T1,ES,C,112,29309.41505803,8.04
2025T1,ES,F,187,50195.54646364,13.78
2025T1,ES,G,42,10807.06483781,2.97
2025T1,ES,H,77,20592.61378209,5.65
2025T1,ES,I,130,30821.59270872,8.46
2025T1,ES,J,11,3648.70796736,1.0
2025T1,ES,K,2,479.81917735,0.13
2025T1,ES,L,7,2223.86801433,0.61
2025T1,ES,M,63,15805.08794868,4.34
2025T1,ES,N,17,4216.0930507,1.16
2025T1,ES,P,10,2338.85917419,0.64
2025T1,ES,Q,17,4409.7964959500005,1.21
2025T1,ES,R,16,4194.01702577,1.15
2025T1,ES,S,185,53372.08271841,14.65
2025T1,ES,,188,45871.05944774,12.59
2025T1,GO,A,250,46458.42383372,7.73
2025T1,GO,B,1,872.47141017,0.15
2025T1,GO,C,173,73818.58591868001,12.28
2025T1,GO,E,1,838.91718892,0.14
2025T1,GO,F,209,111889.21715786999,18.61
2025T1,GO,G,46,20209.4756406,3.36
2025T1,GO,H,113,55978.74777874,9.31
2025T1,GO,I,90,44472.42279879,7.4
2025T1,GO,J,7,5522.377477059999,0.92
2025T1,GO,K,2,1068.1678175900001,0.18
2025T1,GO,L,9,4858.95530357,0.81
2025T1,GO,M,52,23076.195556310002,3.84
2025T1,GO,N,27,14088.7146183,2.34
2025T1,GO,P,9,3528.4825842299997,0.59
2025T1,GO,Q,21,10926.02402381,1.82
2025T1,GO,R,14,7520.7257308200005,1.25
2025T1,GO,S,144,75192.41284146,12.51
2025T1,GO,,208,100760.07089853,16.76
2025T1,MA,A,1331,187776.16011654,24.1
2025T1,MA,B,8,2713.84453528,0.35
2025T1,MA,C,174,45028.0936504,5.78
2025T1,MA,E,3,742.68999803,0.1
2025T1,MA,F,425,123218.09207462,15.82
2025T1,MA,G,83,22958.89212915,2.95
2025T1,MA,H,218,59182.7091761,7.6
2025T1,MA,I,222,50966.93667426,6.54
2025T1,MA,J,5,1612.28032286,0.21
2025T1,MA,K,5,1460.77288588,0.19
2025T1,MA,L,2,385.92797476,0.05
2025T1,MA,M,38,12222.7421698,1.57
2025T1,MA,N,64,15144.38335252,1.94
2025T1,MA,P,24,7127.54162962,0.91
2025T1,MA,Q,14,5838.03017968,0.75
2025T1,MA,R,32,9042.43575472,1.16
2025T1,MA,S,266,76403.71001987,9.81
2025T1,MA,,633,157247.93087439,20.18
2025T1,MG,A,1024,337415.83576937,17.03
2025T1,MG,B,5,4156.8529778600005,0.21
2025T1,MG,C,329,188712.58615442,9.52
2025T1,MG,F,504,333059.62152965,16.81
2025T1,MG,G,113,84501.13424648,4.26
2025T1,MG,H,270,197173.70541936,9.95
2025T1,MG,I,212,133671.4419649,6.75
2025T1,MG,J,12,8953.32889767,0.45
2025T1,MG,K,7,3997.51899519,0.2
2025T1,MG,L,3,1661.0138044700002,0.08
2025T1,MG,M,102,74853.4863874,3.78
2025T1,MG,N,51,28788.7957627,1.45
2025T1,MG,P,30,20190.45376747,1.02
2025T1,MG,Q,41,28036.65755661,1.41
2025T1,MG,R,33,20355.87332157,1.03
2025T1,MG,S,371,287639.43966663,14.52
2025T1,MG,,347,228243.88874107,11.52
2025T1,MS,A,160,20437.83734254,10.45
2025T1,MS,C,87,19486.08543902,9.96
2025T1,MS,E,2,687.23572476,0.35
2025T1,MS,F,124,36298.85378979,18.55
2025T1,MS,G,28,8909.54194412,4.55
2025T1,MS,H,63,18503.92744351,9.46
2025T1,MS,I,67,17834.35932254,9.11
2025T1,MS,J,4,1250.84699086,0.64
2025T1,MS,L,3,764.7222168999999,0.39
2025T1,MS,M,28,8216.86611392,4.2
2025T1,MS,N,23,6433.50705006,3.29
2025T1,MS,P,2,330.46814285,0.17
2025T1,MS,Q,8,2245.20716733,1.15
2025T1,MS,R,5,1587.71479763,0.81
2025T1,MS,S,84,26806.46313967,13.7
2025T1,MS,,90,25873.69925724,13.22
2025T1,MT,A,337,61058.63961197,19.24
2025T1,MT,B,3,714.03369722,0.23
2025T1,MT,C,95,25015.34915418,7.88
2025T1,MT,E,4,936.1265206,0.3
2025T1,MT,F,179,59412.97742435,18.72
2025T1,MT,G,41,12005.45791501,3.78
2025T1,MT,H,79,27369.36628342,8.63
2025T1,MT,I,71,17750.63508429,5.59
2025T1,MT,J,5,1328.437111,0.42
2025T1,MT,K,2,473.24715122,0.15
2025T1,MT,L,8,2218.87842994,0.7
2025T1,MT,M,24,6942.11972862,2.19
2025T1,MT,N,44,13047.75438903,4.11
2025T1,MT,P,6,3330.9913052599995,1.05
2025T1,MT,Q,16,4584.47415801,1.44
2025T1,MT,R,13,3836.10331798,1.21
2025T1,MT,S,114,41862.85105672,13.19
2025T1,MT,,124,35407.26322205,11.16
2025T1,PA,A,565,197852.5746342,19.68
2025T1,PA,B,1,145.45948254,0.01
2025T1,PA,C,277,125723.19030232,12.51
2025T1,PA,F,197,104428.76276282,10.39
2025T1,PA,G,40,18886.64012714,1.88
2025T1,PA,H,181,102038.46013485,10.15
2025T1,PA,I,169,81647.63686433,8.12
2025T1,PA,J,4,2542.60164226,0.25
2025T1,PA,L,2,779.10786016,0.08
2025T1,PA,M,22,11484.33948506,1.14
2025T1,PA,N,43,22040.97961223,2.19
2025T1,PA,P,14,5587.87320036,0.56
2025T1,PA,Q,7,4554.28834994,0.45
2025T1,PA,R,21,11697.40331824,1.16
2025T1,PA,S,200,117135.80798729,11.65
2025T1,PA,,378,198594.15313231,19.76
2025T1,PB,A,324,76857.90471184,20.69
2025T1,PB,B,2,691.54461814,0.19
2025T1,PB,C,89,28774.7314737,7.74
2025T1,PB,F,128,42750.16711738,11.51
2025T1,PB,G,34,13245.44411921,3.56
2025T1,PB,H,112,40780.39471458,10.98
2025T1,PB,I,76,24550.27863245,6.61
2025T1,PB,J,7,2317.39106125,0.62
2025T1,PB,K,1,465.98850625,0.13
2025T1,PB,L,1,709.01653815,0.19
2025T1,PB,M,23,7997.6043249,2.15
2025T1,PB,N,15,5727.34794012,1.54
2025T1,PB,P,13,3564.2532839200003,0.96
2025T1,PB,Q,6,2261.96755356,0.61
2025T1,PB,R,16,5240.17700604,1.41
2025T1,PB,S,124,44569.53800847,12.0
2025T1,PB,,213,71037.9546841,19.12
2025T1,PE,A,362,126130.94402498,15.41
2025T1,PE,B,2,348.33241680000003,0.04
2025T1,PE,C,148,83876.34030535,10.24
2025T1,PE,F,138,72041.41405463,8.8
2025T1,PE,G,50,32002.25592981,3.91
2025T1,PE,H,198,114323.11675423999,13.96
2025T1,PE,I,122,62415.53354221,7.62
2025T1,PE,J,7,3774.3527268899998,0.46
2025T1,PE,K,3,2214.22016958,0.27
2025T1,PE,L,7,2570.63127875,0.31
2025T1,PE,M,41,25958.74452823,3.17
2025T1,PE,N,13,6726.18090641,0.82
2025T1,PE,P,10,6815.88713656,0.83
2025T1,PE,Q,18,11790.66741956,1.44
2025T1,PE,R,26,17490.489322370002,2.14
2025T1,PE,S,155,96573.23147225,11.8
2025T1,PE,,282,153691.32907949,18.77
2025T1,PI,A,262,67570.66681826,20.06
2025T1,PI,B,6,1345.48111844,0.4
2025T1,PI,C,108,34824.34053812,10.34
2025T1,PI,F,116,39415.00183741,11.7
2025T1,PI,G,34,11145.91003848,3.31
2025T1,PI,H,68,21679.46460858,6.44
2025T1,PI,I,107,34359.58564412,10.2
2025T1,PI,J,2,631.44493422,0.19
2025T1,PI,M,19,6221.42756508,1.85
2025T1,PI,N,31,9671.12746249,2.87
2025T1,PI,P,16,6068.58944172,1.8
2025T1,PI,Q,3,840.9299541299999,0.25
2025T1,PI,R,16,4978.93612564,1.48
2025T1,PI,S,95,35721.37874569,10.61
2025T1,PI,,202,62287.31629088,18.5
2025T1,PR,A,732,189753.56614375,20.0
2025T1,PR,B,1,219.15248498,0.02
2025T1,PR,C,188,78392.33786109,8.26
2025T1,PR,E,2,140.42513152,0.01
2025T1,PR,F,351,173251.62765555,18.26
2025T1,PR,G,90,41348.35325376,4.36
2025T1,PR,H,140,70728.06509077,7.46
2025T1,PR,I,116,59254.41758979,6.25
2025T1,PR,J,9,5364.20933293,0.57
2025T1,PR,K,10,4140.0535668600005,0.44
2025T1,PR,L,13,6477.73552844,0.68
2025T1,PR,M,68,31709.257868,3.34
2025T1,PR,N,59,26494.76569419,2.79
2025T1,PR,P,15,6733.96505434,0.71
2025T1,PR,Q,44,20022.98951651,2.11
2025T1,PR,R,20,8928.36492,0.94
2025T1,PR,S,189,98635.28404342,10.4
2025T1,PR,,266,127082.99266346,13.4
2025T1,RJ,A,213,44781.66336122,2.69
2025T1,RJ,B,2,1625.13260275,0.1
2025T1,RJ,C,248,122278.47645587,7.34
2025T1,RJ,E,2,1166.31208618,0.07
2025T1,RJ,F,478,237856.18107145999,14.27
2025T1,RJ,G,107,50662.58645619,3.04
2025T1,RJ,H,410,230558.22658069,13.83
2025T1,RJ,I,320,166076.25456245,9.96
2025T1,RJ,J,27,14320.66863214,0.86
2025T1,RJ,K,20,10016.92288854,0.6
2025T1,RJ,L,33,17441.31636855,1.05
2025T1,RJ,M,137,72995.8329368,4.38
2025T1,RJ,N,103,53339.45515248,3.2
2025T1,RJ,P,64,32887.07403874,1.97
2025T1,RJ,Q,105,55215.49350446,3.31
2025T1,RJ,R,65,38217.08608066,2.29
2025T1,RJ,S,460,253852.2915388,15.23
2025T1,RJ,,526,263362.7004801,15.8
2025T1,RN,A,193,50659.2661069,16.36
2025T1,RN,B,2,885.98026292,0.29
2025T1,RN,C,64,20680.3239231,6.68
2025T1,RN,E,3,1926.6815804500002,0.62
2025T1,RN,F,115,42925.54330015,13.86
2025T1,RN,G,31,12246.66013711,3.95
2025T1,RN,H,80,36163.590565110004,11.68
2025T1,RN,I,51,16367.65168246,5.28
2025T1,RN,J,4,1668.1460935999999,0.54
2025T1,RN,K,2,384.17713172,0.12
2025T1,RN,L,5,2238.5449582,0.72
2025T1,RN,M,28,10127.7320813,3.27
2025T1,RN,N,12,4149.21866202,1.34
2025T1,RN,P,8,2758.94766446,0.89
2025T1,RN,Q,13,4730.42618321,1.53
2025T1,RN,R,17,5826.77853193,1.88
2025T1,RN,S,98,35588.35577543,11.49
2025T1,RN,,159,60392.56914177,19.5
2025T1,RO,A,553,83734.68046635,37.56
2025T1,RO,B,3,471.69525494,0.21
2025T1,RO,C,45,12717.14701234,5.71
2025T1,RO,E,1,121.71930169,0.05
2025T1,RO,F,99,28942.91849272,12.98
2025T1,RO,G,35,8008.39557523,3.59
2025T1,RO,H,69,19254.2979252,8.64
2025T1,RO,I,54,11995.80018994,5.38
2025T1,RO,J,1,290.49774205,0.13
2025T1,RO,M,16,3886.94788238,1.74
2025T1,RO,N,11,2724.84948992,1.22
2025T1,RO,P,3,850.2324239000001,0.38
2025T1,RO,Q,11,3127.0247180300003,1.4
2025T1,RO,R,8,2069.59228167,0.93
2025T1,RO,S,60,15869.90588038,7.12
2025T1,RO,,105,28841.43598126,12.94
2025T1,RR,A,151,9961.02329286,18.12
2025T1,RR,B,2,57.35192744,0.1
2025T1,RR,C,34,3261.14142045,5.93
2025T1,RR,F,93,10544.037542510001,19.18
2025T1,RR,G,17,2020.39411464,3.68
2025T1,RR,H,51,6240.25294213,11.35
2025T1,RR,I,38,3852.2580347,7.01
2025T1,RR,K,1,542.83237954,0.99
2025T1,RR,L,6,792.24856726,1.44
2025T1,RR,M,3,449.62812883000004,0.82
2025T1,RR,N,20,2383.28108546,4.34
2025T1,RR,P,3,488.24761084,0.89
2025T1,RR,Q,8,981.23715548,1.79
2025T1,RR,R,2,158.73966134,0.29
2025T1,RR,S,36,4622.09579143,8.41
2025T1,RR,,69,8613.4870976,15.67
2025T1,RS,A,921,207225.17465466,21.28
2025T1,RS,C,171,80097.95829755,8.23
2025T1,RS,F,302,144227.02701525,14.81
2025T1,RS,G,78,40806.76316109,4.19
2025T1,RS,H,165,82485.46872729,8.47
2025T1,RS,I,123,56182.81843264,5.77
2025T1,RS,J,8,3324.39073828,0.34
2025T1,RS,K,7,2230.38782389,0.23
2025T1,RS,L,17,6544.94219018,0.67
2025T1,RS,M,88,38319.08095603,3.94
2025T1,RS,N,28,13588.38318979,1.4
2025T1,RS,P,17,9459.14643249,0.97
2025T1,RS,Q,49,23429.19840864,2.41
2025T1,RS,R,31,13560.42670505,1.39
2025T1,RS,S,225,126208.81363422,12.96
2025T1,RS,,263,125985.45381337,12.94
2025T1,SC,A,829,119375.09232892,19.04
2025T1,SC,B,1,234.59551125,0.04
2025T1,SC,C,310,82241.09703027,13.12
2025T1,SC,E,10,3332.5726297,0.53
2025T1,SC,F,358,102024.52619473,16.27
2025T1,SC,G,96,28994.34900458,4.62
2025T1,SC,H,142,43429.2902727,6.93
2025T1,SC,I,143,39993.01936334,6.38
2025T1,SC,J,18,5991.86089584,0.96
2025T1,SC,K,7,1803.31040155,0.29
2025T1,SC,L,23,6392.87495529,1.02
2025T1,SC,M,81,22353.92030301,3.57
2025T1,SC,N,55,14687.48101573,2.34
2025T1,SC,P,20,6326.53751624,1.01
2025T1,SC,Q,49,13439.57097694,2.14
2025T1,SC,R,28,9601.774624,1.53
2025T1,SC,S,212,64247.8244602,10.25
2025T1,SC,,219,62453.08026138,9.96
2025T1,SE,A,210,33375.25928723,16.21
2025T1,SE,C,65,15069.27013279,7.32
2025T1,SE,F,55,15934.16481858,7.74
2025T1,SE,G,36,11368.05538714,5.52
2025T1,SE,H,80,25405.6973703,12.34
2025T1,SE,I,66,19383.36907339,9.42
2025T1,SE,J,1,431.98711699,0.21
2025T1,SE,K,3,813.42045209,0.4
2025T1,SE,L,6,2092.60616406,1.02
2025T1,SE,M,9,2917.03455433,1.42
2025T1,SE,N,11,3527.23998961,1.71
2025T1,SE,P,12,3644.33244575,1.77
2025T1,SE,Q,8,2356.53817463,1.14
2025T1,SE,R,6,2150.6926379,1.04
2025T1,SE,S,85,26541.279668,12.89
2025T1,SE,,148,40856.75890483,19.85
2025T1,SP,A,392,145195.64901381,3.68
2025T1,SP,B,1,1803.85582779,0.05
2025T1,SP,C,305,366362.21908395,9.28
2025T1,SP,E,5,2321.24749704,0.06
2025T1,SP,F,594,703113.81180134,17.81
2025T1,SP,G,111,140059.9379049,3.55
2025T1,SP,H,358,470287.51066959,11.91
2025T1,SP,I,239,285161.9214074,7.22
2025T1,SP,J,40,52136.67524948,1.32
2025T1,SP,K,13,15526.33433979,0.39
2025T1,SP,L,48,61139.57808593,1.55
2025T1,SP,M,144,188710.24046053,4.78
2025T1,SP,N,93,104740.755135,2.65
2025T1,SP,P,28,32620.00515419,0.83
2025T1,SP,Q,98,129740.13341824,3.29
2025T1,SP,R,43,49807.49563305,1.26
2025T1,SP,S,413,591029.1008972999,14.97
2025T1,SP,,463,608273.57687191,15.41
2025T1,TO,A,200,21446.47821145,17.13
2025T1,TO,C,79,13563.46005618,10.83
2025T1,TO,F,103,23820.76039634,19.02
2025T1,TO,G,21,5102.85294443,4.08
2025T1,TO,H,17,4497.40454776,3.59
2025T1,TO,I,57,10899.7723281,8.7
2025T1,TO,J,6,1251.82233167,1.0
2025T1,TO,K,1,300.25981769,0.24
2025T1,TO,L,2,601.3697054300001,0.48
2025T1,TO,M,16,4199.87951961,3.35
2025T1,TO,N,18,3888.18192534,3.11
2025T1,TO,P,4,1221.1990203999999,0.98
2025T1,TO,Q,5,1303.44637914,1.04
2025T1,TO,R,3,694.45976041,0.55
2025T1,TO,S,68,15988.33631677,12.77
2025T1,TO,,70,16438.07743399,13.13
2025T2,AC,A,212,14781.9813932,24.26
2025T2,AC,C,75,6657.33063897,10.93
2025T2,AC,E,3,242.50946483,0.4
2025T2,AC,F,56,5952.83216863,9.77
2025T2,AC,G,14,1371.48167562,2.25
2025T2,AC,H,61,6333.75485219,10.39
2025T2,AC,I,42,4227.64898154,6.94
2025T2,AC,K,1,66.64593924,0.11
2025T2,AC,L,3,312.37944355,0.51
2025T2,AC,M,7,692.93807858,1.14
2025T2,AC,N,30,2666.08702398,4.38
2025T2,AC,P,6,535.33076241,0.88
2025T2,AC,Q,7,615.19669072,1.01
2025T2,AC,R,5,407.26539093,0.67
2025T2,AC,S,60,5956.65848265,9.78
2025T2,AC,,101,10112.27747721,16.6
2025T2,AL,A,370,41680.72850728,15.83
2025T2,AL,B,2,119.42066182,0.05
2025T2,AL,C,84,13127.68970072,4.99
2025T2,AL,E,4,1090.0073890600002,0.41
2025T2,AL,F,226,40361.62135354,15.33
2025T2,AL,G,42,6864.70578335,2.61
2025T2,AL,H,165,34127.31983737,12.96
2025T2,AL,I,108,18345.47294252,6.97
2025T2,AL,J,3,587.9452671,0.22
2025T2,AL,K,1,105.84963621,0.04
2025T2,AL,L,8,1392.28785721,0.53
2025T2,AL,M,33,7755.49308524,2.95
2025T2,AL,N,25,4534.00393675,1.72
2025T2,AL,P,10,1535.19474782,0.58
2025T2,AL,Q,16,3818.27129302,1.45
2025T2,AL,R,18,3872.3314193,1.47
2025T2,AL,S,173,34302.78248934,13.03
2025T2,AL,,281,49658.50594994,18.86
2025T2,AM,A,791,134024.97812333,26.2
2025T2,AM,C,129,41333.84373236,8.08
2025T2,AM,E,3,1174.0473781599999,0.23
2025T2,AM,F,165,56414.52465853,11.03
2025T2,AM,G,39,14226.81290969,2.78
2025T2,AM,H,140,52400.96347165,10.25
2025T2,AM,I,104,34507.65851505,6.75
2025T2,AM,J,5,2584.01375125,0.51
2025T2,AM,K,1,350.93335352,0.07
2025T2,AM,L,5,1696.92381535,0.33
2025T2,AM,M,21,8595.99382472,1.68
2025T2,AM,N,30,8861.3367996,1.73
2025T2,AM,P,13,4396.01644216,0.86
2025T2,AM,Q,16,6118.1723882999995,1.2
2025T2,AM,R,18,7320.88909083,1.43
2025T2,AM,S,137,48690.87116105,9.52
2025T2,AM,,279,88769.26341703,17.36
2025T2,AP,A,91,14480.08466796,16.69
2025T2,AP,C,36,6255.7797988,7.21
2025T2,AP,E,3,689.8568318,0.8
2025T2,AP,F,69,13265.94239752,15.29
2025T2,AP,G,12,2357.9977013000002,2.72
2025T2,AP,H,50,8796.79520812,10.14
2025T2,AP,I,22,3387.97465628,3.91
2025T2,AP,J,3,507.16858565,0.58
2025T2,AP,K,1,235.14661871,0.27
2025T2,AP,L,2,409.86794340999995,0.47
2025T2,AP,M,13,2242.9702245500002,2.59
2025T2,AP,N,15,2654.09155792,3.06
2025T2,AP,Q,1,118.09692002,0.14
2025T2,AP,R,1,186.04597133,0.21
2025T2,AP,S,77,14486.244830560001,16.7
2025T2,AP,,87,16684.49119815,19.23
2025T2,BA,A,995,405391.69371209,25.41
2025T2,BA,B,23,11665.67193901,0.73
2025T2,BA,C,172,119199.84151724,7.47
2025T2,BA,F,262,198860.65595553,12.46
2025T2,BA,G,59,49455.96166522,3.1
2025T2,BA,H,161,135899.80718862,8.52
2025T2,BA,I,185,127613.55688623,8.0
2025T2,BA,J,4,4780.44486802,0.3
2025T2,BA,K,1,1001.18326495,0.06
2025T2,BA,L,4,4241.76299405,0.27
2025T2,BA,M,42,29834.883555200002,1.87
2025T2,BA,N,26,24167.24274785,1.51
2025T2,BA,P,32,24281.20256233,1.52
2025T2,BA,Q,13,8680.05081633,0.54
2025T2,BA,R,15,12244.27895398,0.77
2025T2,BA,S,207,167143.89227165,10.48
2025T2,BA,,348,270953.35665501,16.98
2025T2,CE,A,450,129124.80965453,14.03
2025T2,CE,B,1,197.74605984,0.02
2025T2,CE,C,279,123110.49692478,13.38
2025T2,CE,E,1,163.47268299,0.02
2025T2,CE,F,228,100080.9050067,10.87
2025T2,CE,G,69,28752.5174272,3.12
2025T2,CE,H,151,76270.55476189,8.29
2025T2,CE,I,165,69683.65001094,7.57
2025T2,CE,J,15,7416.33737683,0.81
2025T2,CE,K,4,1547.84464936,0.17
2025T2,CE,L,6,2194.48890085,0.24
2025T2,CE,M,43,24950.463079,2.71
2025T2,CE,N,29,10712.07956408,1.16
2025T2,CE,P,24,11132.41468167,1.21
2025T2,CE,Q,20,8606.45419446,0.94
2025T2,CE,R,24,12619.30855766,1.37
2025T2,CE,S,216,97853.04644156,10.63
2025T2,CE,,515,215925.74129221,23.46
2025T2,DF,A,15,2916.25305272,1.55
2025T2,DF,C,43,13247.34980784,7.04
2025T2,DF,E,1,380.77846295,0.2
2025T2,DF,F,94,31369.00686871,16.67
2025T2,DF,G,16,5470.52106221,2.91
2025T2,DF,H,67,22927.78018352,12.19
2025T2,DF,I,49,15026.24006712,7.99
2025T2,DF,J,8,2902.54938362,1.54
2025T2,DF,K,5,1577.30704982,0.84
2025T2,DF,L,4,1602.4298917400001,0.85
2025T2,DF,M,24,8118.08445623,4.31
2025T2,DF,N,13,4166.10120021,2.21
2025T2,DF,P,19,6476.58445532,3.44
2025T2,DF,Q,13,5658.82226985,3.01
2025T2,DF,R,10,4170.78371192,2.22
2025T2,DF,S,94,31087.15622846,16.52
2025T2,DF,,89,31063.22207857,16.51
2025T2,ES,A,573,100346.89885109,27.29
2025T2,ES,B,1,93.39255231,0.03
2025T2,ES,C,113,26832.46173374,7.3
2025T2,ES,F,177,44851.86171888,12.2
2025T2,ES,G,55,15866.65900294,4.31
2025T2,ES,H,79,21271.70066639,5.78
2025T2,ES,I,127,30402.708403689998,8.27
2025T2,ES,J,10,2688.50814849,0.73
2025T2,ES,K,1,298.79289433,0.08
2025T2,ES,L,6,1169.88727401,0.32
2025T2,ES,M,49,11636.63421701,3.16
2025T2,ES,N,24,7130.9245669,1.94
2025T2,ES,P,15,2921.22090624,0.79
2025T2,ES,Q,15,3221.02560581,0.88
2025T2,ES,R,22,6670.6842302800005,1.81
2025T2,ES,S,185,50144.27874027,13.64
2025T2,ES,,166,42209.38922218,11.48
2025T2,GO,A,250,49310.28326564,7.92
2025T2,GO,C,167,75864.30623401,12.19
2025T2,GO,F,227,110866.30226718,17.82
2025T2,GO,G,55,27334.86059714,4.39
2025T2,GO,H,118,63417.9753702,10.19
2025T2,GO,I,99,45962.08517858,7.39
2025T2,GO,J,7,3364.31432307,0.54
2025T2,GO,K,1,865.70559349,0.14
2025T2,GO,L,15,10409.28093284,1.67
2025T2,GO,M,53,25675.92534549,4.13
2025T2,GO,N,19,8403.73235399,1.35
2025T2,GO,P,10,4020.52103158,0.65
2025T2,GO,Q,20,10749.87476995,1.73
2025T2,GO,R,16,6906.99621835,1.11
2025T2,GO,S,143,78549.09831877,12.62
2025T2,GO,,211,100592.41337437,16.16
2025T2,MA,A,1235,178865.3803683,23.07
2025T2,MA,B,10,2958.8458341699998,0.38
2025T2,MA,C,190,44602.71108753,5.75
2025T2,MA,F,447,124629.20706321,16.07
2025T2,MA,G,87,20653.17887454,2.66
2025T2,MA,H,220,62601.35810487,8.07
2025T2,MA,I,239,58339.94060745,7.52
2025T2,MA,J,4,1194.79763349,0.15
2025T2,MA,K,2,978.7920852499999,0.13
2025T2,MA,L,7,1740.5885891399998,0.22
2025T2,MA,M,35,10379.17633878,1.34
2025T2,MA,N,59,16803.45884137,2.17
2025T2,MA,P,36,10387.98085458,1.34
2025T2,MA,Q,17,5748.63072497,0.74
2025T2,MA,R,26,7206.30959542,0.93
2025T2,MA,S,302,78887.67226579,10.17
2025T2,MA,,632,149350.59818956,19.26
2025T2,MG,A,1104,344074.87974965,17.12
2025T2,MG,B,1,197.30064161,0.01
2025T2,MG,C,320,173722.96557459,8.65
2025T2,MG,F,504,339205.70514574,16.88
2025T2,MG,G,91,66528.63549454,3.31
2025T2,MG,H,279,195637.52114986,9.74
2025T2,MG,I,231,145944.0475377,7.26
2025T2,MG,J,10,5295.70345385,0.26
2025T2,MG,K,3,1286.66830257,0.06
2025T2,MG,L,9,5837.301003529999,0.29
2025T2,MG,M,96,64472.95578451,3.21
2025T2,MG,N,47,31061.267403,1.55
2025T2,MG,P,35,31240.767142809997,1.55
2025T2,MG,Q,47,33628.706409,1.67
2025T2,MG,R,30,21245.16700625,1.06
2025T2,MG,S,403,292744.29591295,14.57
2025T2,MG,,372,257370.88177024,12.81
2025T2,MS,A,143,21379.15754218,10.65
2025T2,MS,C,81,18927.88719888,9.43
2025T2,MS,E,1,365.55939969,0.18
2025T2,MS,F,124,36348.89296707,18.12
2025T2,MS,G,34,10357.25176137,5.16
2025T2,MS,H,52,16353.45098544,8.15
2025T2,MS,I,66,16389.11558486,8.17
2025T2,MS,J,3,714.69639214,0.36
2025T2,MS,K,2,561.70133966,0.28
2025T2,MS,L,2,537.58185525,0.27
2025T2,MS,M,17,4966.71488803,2.48
2025T2,MS,N,26,7950.7741533,3.96
2025T2,MS,P,7,2052.37063492,1.02
2025T2,MS,Q,10,3337.22680269,1.66
2025T2,MS,R,6,1895.83308885,0.94
2025T2,MS,S,85,27124.79562911,13.52
2025T2,MS,,101,31389.49537886,15.64
2025T2,MT,A,340,58683.81029615,19.4
2025T2,MT,B,3,747.96616391,0.25
2025T2,MT,C,91,23462.90826683,7.76
2025T2,MT,E,2,289.03347105,0.1
2025T2,MT,F,192,58301.14710389,19.27
2025T2,MT,G,46,15551.3501947,5.14
2025T2,MT,H,59,18713.201361209998,6.19
2025T2,MT,I,63,17002.40284554,5.62
2025T2,MT,J,3,893.0278452,0.3
2025T2,MT,K,3,864.5236473,0.29
2025T2,MT,L,5,1348.3188493799998,0.45
2025T2,MT,M,22,7207.10262655,2.38
2025T2,MT,N,34,10027.89498986,3.31
2025T2,MT,P,4,1645.94152137,0.54
2025T2,MT,Q,9,2403.12403675,0.79
2025T2,MT,R,6,2075.51279005,0.69
2025T2,MT,S,132,45176.68287699,14.93
2025T2,MT,,131,38121.95074859,12.6
2025T2,PA,A,663,217464.88637254,21.74
2025T2,PA,B,5,2284.84189988,0.23
2025T2,PA,C,294,128831.2983172,12.88
2025T2,PA,F,191,96522.02595512,9.65
2025T2,PA,G,53,24834.53610227,2.48
2025T2,PA,H,166,94155.54732804,9.41
2025T2,PA,I,163,80725.15400288,8.07
2025T2,PA,J,2,1069.9265749400001,0.11
2025T2,PA,K,1,462.41359443,0.05
2025T2,PA,L,1,410.91819591,0.04
2025T2,PA,M,28,14210.21073203,1.42
2025T2,PA,N,56,25218.18111952,2.52
2025T2,PA,P,13,7017.74233105,0.7
2025T2,PA,Q,7,4412.2787864,0.44
2025T2,PA,R,22,12359.38562646,1.24
2025T2,PA,S,189,102571.41494249,10.25
2025T2,PA,,376,187965.75501256,18.79
2025T2,PB,A,269,63283.34274952,18.28
2025T2,PB,B,1,392.99339977,0.11
2025T2,PB,C,81,27574.09185039,7.96
2025T2,PB,F,124,43627.12485454,12.6
2025T2,PB,G,44,16204.89586145,4.68
2025T2,PB,H,91,34514.33132789,9.97
2025T2,PB,I,67,23396.94882509,6.76
2025T2,PB,J,3,1004.7194461199999,0.29
2025T2,PB,K,3,1009.92422847,0.29
2025T2,PB,L,4,2469.78994328,0.71
2025T2,PB,M,27,9474.05780958,2.74
2025T2,PB,N,15,5000.94736304,1.44
2025T2,PB,P,11,3405.9301071200002,0.98
2025T2,PB,Q,9,2955.05021182,0.85
2025T2,PB,R,18,5410.1672207,1.56
2025T2,PB,S,125,44924.53561707,12.97
2025T2,PB,,192,61629.80473412,17.8
2025T2,PE,A,299,96327.10338387,11.95
2025T2,PE,B,2,447.69432951,0.06
2025T2,PE,C,143,81022.61762068,10.05
2025T2,PE,F,112,51978.79695035,6.45
2025T2,PE,G,45,29404.65505425,3.65
2025T2,PE,H,200,119907.29173035,14.87
2025T2,PE,I,122,69782.71303041,8.66
2025T2,PE,J,9,5456.67227334,0.68
2025T2,PE,L,6,4181.82565549,0.52
2025T2,PE,M,43,25332.90860124,3.14
2025T2,PE,N,21,12738.33189115,1.58
2025T2,PE,P,14,8720.28252879,1.08
2025T2,PE,Q,19,11703.07943537,1.45
2025T2,PE,R,20,11560.56659337,1.43
2025T2,PE,S,172,107395.06104918,13.32
2025T2,PE,,299,170257.2325735,21.12
2025T2,PI,A,286,73134.89191869,21.46
2025T2,PI,B,8,2944.54438457,0.86
2025T2,PI,C,107,32660.14179631,9.59
2025T2,PI,F,124,40113.63127325,11.77
2025T2,PI,G,44,13516.19594534,3.97
2025T2,PI,H,78,23979.3419639,7.04
2025T2,PI,I,83,26909.47048573,7.9
2025T2,PI,J,1,324.15801282,0.1
2025T2,PI,K,1,165.68727537,0.05
2025T2,PI,M,19,6243.74341523,1.83
2025T2,PI,N,31,11537.12444926,3.39
2025T2,PI,P,19,6298.64656314,1.85
2025T2,PI,Q,4,1462.24995705,0.43
2025T2,PI,R,13,4933.96642251,1.45
2025T2,PI,S,101,36192.72895415,10.62
2025T2,PI,,196,60309.56156208,17.7
2025T2,PR,A,754,194261.95588283,19.58
2025T2,PR,C,181,77074.05652355,7.77
2025T2,PR,E,4,1262.28686643,0.13
2025T2,PR,F,350,175174.58011055,17.66
2025T2,PR,G,90,43164.04191766,4.35
2025T2,PR,H,156,78037.92046273,7.87
2025T2,PR,I,124,67856.97245727,6.84
2025T2,PR,J,10,4467.80928747,0.45
2025T2,PR,K,9,4814.70891071,0.49
2025T2,PR,L,17,7829.35567892,0.79
2025T2,PR,M,77,38487.38224514,3.88
2025T2,PR,N,53,23695.26781577,2.39
2025T2,PR,P,13,5827.64888224,0.59
2025T2,PR,Q,31,15418.370694109999,1.55
2025T2,PR,R,20,8649.1148395,0.87
2025T2,PR,S,199,105702.35385233,10.65
2025T2,PR,,300,140411.34368117,14.15
2025T2,RJ,A,205,48045.4724084,2.85
2025T2,RJ,C,257,120090.84787098,7.13
2025T2,RJ,E,2,1425.90290706,0.08
2025T2,RJ,F,489,234289.97797973,13.9
2025T2,RJ,G,115,56157.76146457,3.33
2025T2,RJ,H,426,243579.90519935,14.46
2025T2,RJ,I,329,158928.17190578,9.43
2025T2,RJ,J,24,13061.24265408,0.78
2025T2,RJ,K,15,19648.83807485,1.17
2025T2,RJ,L,30,14433.496677379999,0.86
2025T2,RJ,M,140,107324.59061482,6.37
2025T2,RJ,N,109,52462.58385457,3.11
2025T2,RJ,P,60,31253.07150151,1.85
2025T2,RJ,Q,109,60916.98874992,3.62
2025T2,RJ,R,74,40499.86528631,2.4
2025T2,RJ,S,458,263132.66512236,15.62
2025T2,RJ,,459,219788.760896,13.04
2025T2,RN,A,196,49110.43203185,15.05
2025T2,RN,C,66,25456.396157,7.8
2025T2,RN,E,3,948.10917966,0.29
2025T2,RN,F,113,41763.07449616,12.79
2025T2,RN,G,35,13873.01110964,4.25
2025T2,RN,H,69,28337.63503356,8.68
2025T2,RN,I,60,21300.47470714,6.53
2025T2,RN,J,5,2219.03190978,0.68
2025T2,RN,K,3,727.32322226,0.22
2025T2,RN,L,1,298.35690564,0.09
2025T2,RN,M,22,10626.24752995,3.26
2025T2,RN,N,12,4414.81733368,1.35
2025T2,RN,P,14,5275.48274264,1.62
2025T2,RN,Q,15,7468.87968894,2.29
2025T2,RN,R,18,11046.63432194,3.38
2025T2,RN,S,103,39748.08557588,12.18
2025T2,RN,,156,63800.75491004,19.55
2025T2,RO,A,538,83086.94009168,37.82
2025T2,RO,B,3,785.11385806,0.36
2025T2,RO,C,49,11884.02259264,5.41
2025T2,RO,E,2,353.72251243,0.16
2025T2,RO,F,94,26043.56245964,11.86
2025T2,RO,G,33,7332.47198099,3.34
2025T2,RO,H,61,16886.29412385,7.69
2025T2,RO,I,43,9628.18482474,4.38
2025T2,RO,J,5,1005.34969606,0.46
2025T2,RO,K,2,368.71954182,0.17
2025T2,RO,M,18,5130.02231899,2.34
2025T2,RO,N,12,3261.78479812,1.48
2025T2,RO,P,3,1127.3353287099999,0.51
2025T2,RO,Q,8,1572.09982045,0.72
2025T2,RO,R,9,2221.49425136,1.01
2025T2,RO,S,73,22232.30627831,10.12
2025T2,RO,,92,26762.01607869,12.18
2025T2,RR,A,169,10028.32830363,16.63
2025T2,RR,B,1,93.96219233,0.16
2025T2,RR,C,33,3968.53190858,6.58
2025T2,RR,F,100,11550.839790600001,19.15
2025T2,RR,G,22,3121.94025148,5.18
2025T2,RR,H,46,5818.38090046,9.65
2025T2,RR,I,45,5356.43471008,8.88
2025T2,RR,J,1,131.96705025,0.22
2025T2,RR,L,1,149.58194631,0.25
2025T2,RR,M,3,499.05830089999995,0.83
2025T2,RR,N,24,3182.33327692,5.28
2025T2,RR,P,2,199.64833783,0.33
2025T2,RR,Q,9,1334.86820427,2.21
2025T2,RR,R,4,535.39719148,0.89
2025T2,RR,S,38,4811.11290568,7.98
2025T2,RR,,84,9526.63225568,15.8
2025T2,RS,A,891,207064.50150801,22.51
2025T2,RS,C,180,79700.78029179,8.66
2025T2,RS,F,291,138105.35983505,15.01
2025T2,RS,G,62,30021.50750035,3.26
2025T2,RS,H,183,96440.34398041,10.48
2025T2,RS,I,117,50800.17647796,5.52
2025T2,RS,J,9,3282.2858118,0.36
2025T2,RS,K,13,6327.11237038,0.69
2025T2,RS,L,12,5118.86091007,0.56
2025T2,RS,M,69,30493.64092569,3.31
2025T2,RS,N,41,18206.71033011,1.98
2025T2,RS,P,19,8488.930054100001,0.92
2025T2,RS,Q,47,22828.24445386,2.48
2025T2,RS,R,27,13638.44713998,1.48
2025T2,RS,S,204,101001.03638802,10.98
2025T2,RS,,232,108418.83648324,11.79
2025T2,SC,A,828,119835.5917014,19.36
2025T2,SC,C,313,86944.11553622,14.04
2025T2,SC,E,12,3461.48340501,0.56
2025T2,SC,F,339,95576.8387849,15.44
2025T2,SC,G,81,23508.48633498,3.8
2025T2,SC,H,133,41662.8987095,6.73
2025T2,SC,I,98,24706.32231359,3.99
2025T2,SC,J,12,3608.98265969,0.58
2025T2,SC,K,3,956.30839474,0.15
2025T2,SC,L,22,5850.0553698,0.94
2025T2,SC,M,104,31971.28122229,5.16
2025T2,SC,N,43,12708.71132793,2.05
2025T2,SC,P,24,6869.403117,1.11
2025T2,SC,Q,61,17963.75032994,2.9
2025T2,SC,R,30,9464.75340577,1.53
2025T2,SC,S,203,64370.94405832,10.4
2025T2,SC,,242,69675.25664631,11.25
2025T2,SE,A,231,36758.06074595,18.23
2025T2,SE,C,49,10629.69213802,5.27
2025T2,SE,F,61,18493.84556924,9.17
2025T2,SE,G,24,7403.45612933,3.67
2025T2,SE,H,78,23895.87415008,11.85
2025T2,SE,I,65,16395.76849572,8.13
2025T2,SE,J,2,854.25790665,0.42
2025T2,SE,K,1,430.6948399,0.21
2025T2,SE,L,2,835.72804175,0.41
2025T2,SE,M,16,5144.64107401,2.55
2025T2,SE,N,5,1885.8205090299998,0.94
2025T2,SE,P,16,4617.90480829,2.29
2025T2,SE,Q,11,3695.91715238,1.83
2025T2,SE,R,10,2645.17343071,1.31
2025T2,SE,S,91,26439.95587216,13.11
2025T2,SE,,151,41496.66444391,20.58
2025T2,SP,A,405,119709.70413584,3.06
2025T2,SP,C,268,335423.0802194,8.58
2025T2,SP,E,1,1132.7495021,0.03
2025T2,SP,F,595,738448.76443664,18.9
2025T2,SP,G,104,139387.31155569,3.57
2025T2,SP,H,363,505780.53580447,12.94
2025T2,SP,I,242,294383.31755003,7.53
2025T2,SP,J,34,41572.10421812,1.06
2025T2,SP,K,7,9554.59153008,0.24
2025T2,SP,L,35,42454.17029423,1.09
2025T2,SP,M,131,164560.41364781,4.21
2025T2,SP,N,91,110469.49530867,2.83
2025T2,SP,P,30,27875.02958855,0.71
2025T2,SP,Q,102,133698.96644113,3.42
2025T2,SP,R,57,62297.30911278,1.59
2025T2,SP,S,413,571449.95091706,14.63
2025T2,SP,,469,609011.51646229,15.59
2025T2,TO,A,209,23601.47914791,19.13
2025T2,TO,C,65,12216.35187157,9.9
2025T2,TO,F,103,21847.19093577,17.71
2025T2,TO,G,19,4781.93810599,3.88
2025T2,TO,H,24,6523.9536813800005,5.29
2025T2,TO,I,52,11801.2092976,9.57
2025T2,TO,L,5,1396.90368569,1.13
2025T2,TO,M,11,2588.27246818,2.1
2025T2,TO,N,21,4675.67816182,3.79
2025T2,TO,P,3,1063.98876397,0.86
2025T2,TO,Q,2,534.3806513,0.43
2025T2,TO,S,66,15886.04806576,12.88
2025T2,TO,,78,16427.51032424,13.32
2025T3,AC,A,240,14522.1140475,26.18
2025T3,AC,C,85,6427.20053885,11.59
2025T3,AC,E,1,52.99659126,0.1
2025T3,AC,F,44,3997.54406923,7.21
2025T3,AC,G,22,1838.7189971799999,3.31
2025T3,AC,H,66,5728.10857822,10.33
2025T3,AC,I,32,3017.9986427,5.44
2025T3,AC,K,3,486.45140313,0.88
2025T3,AC,M,8,601.36930218,1.08
2025T3,AC,N,28,2757.88283659,4.97
2025T3,AC,P,3,315.47083736,0.57
2025T3,AC,Q,4,350.03977844,0.63
2025T3,AC,R,1,57.23644599,0.1
2025T3,AC,S,62,6393.67359219,11.53
2025T3,AC,,88,8923.26044307,16.09
2025T3,AL,A,393,46392.75080132,16.9
2025T3,AL,B,2,237.59970718,0.09
2025T3,AL,C,93,15944.05470919,5.81
2025T3,AL,E,3,635.6723689,0.23
2025T3,AL,F,257,44384.77117176,16.17
2025T3,AL,G,48,8416.61645278,3.07
2025T3,AL,H,164,32895.06397874,11.98
2025T3,AL,I,98,18225.50892962,6.64
2025T3,AL,J,2,407.30290967,0.15
2025T3,AL,K,2,595.32794896,0.22
2025T3,AL,L,11,1973.90804132,0.72
2025T3,AL,M,41,8602.6788671,3.13
2025T3,AL,N,31,5029.30864024,1.83
2025T3,AL,P,8,1368.5696075800001,0.5
2025T3,AL,Q,18,3618.71119872,1.32
2025T3,AL,R,14,2980.29341394,1.09
2025T3,AL,S,165,34920.10263941,12.72
2025T3,AL,,275,47882.33444697,17.44
2025T3,AM,A,830,140607.3197041,28.08
2025T3,AM,B,1,376.85726127,0.08
2025T3,AM,C,109,32679.02206596,6.53
2025T3,AM,E,1,353.12237358,0.07
2025T3,AM,F,201,64955.69068813,12.97
2025T3,AM,G,30,10317.47909642,2.06
2025T3,AM,H,140,54347.76157754,10.85
2025T3,AM,I,106,35323.82210426,7.05
2025T3,AM,J,3,789.21032481,0.16
2025T3,AM,K,3,811.05719127,0.16
2025T3,AM,L,2,934.90348881,0.19
2025T3,AM,M,25,8275.23407248,1.65
2025T3,AM,N,37,8964.91595908,1.79
2025T3,AM,P,12,3665.54960656,0.73
2025T3,AM,Q,11,4104.07867035,0.82
2025T3,AM,R,8,3567.8096134099997,0.71
2025T3,AM,S,121,41766.24489632,8.34
2025T3,AM,,283,88965.42050955001,17.76
2025T3,AP,A,143,12782.303853290001,14.15
2025T3,AP,B,2,338.79970369,0.38
2025T3,AP,C,61,9603.74426104,10.63
2025T3,AP,F,85,16965.36717814,18.78
2025T3,AP,G,6,1330.1712451500002,1.47
2025T3,AP,H,57,10774.23267179,11.93
2025T3,AP,I,23,3666.45009867,4.06
2025T3,AP,J,1,240.69504516,0.27
2025T3,AP,L,2,452.24573875,0.5
2025T3,AP,M,13,2614.83295092,2.89
2025T3,AP,N,14,1909.8468002,2.11
2025T3,AP,P,1,78.34153462,0.09
2025T3,AP,Q,4,737.96859653,0.82
2025T3,AP,R,10,1885.5732212,2.09
2025T3,AP,S,66,12903.51036905,14.28
2025T3,AP,,82,14056.36072351,15.56
2025T3,BA,A,1046,426668.04470612,25.59
2025T3,BA,B,6,4525.45166833,0.27
2025T3,BA,C,193,125630.08781637,7.53
2025T3,BA,E,1,1077.72769564,0.06
2025T3,BA,F,271,197651.10901376,11.85
2025T3,BA,G,59,40445.00186651,2.43
2025T3,BA,H,196,148299.39434351,8.89
2025T3,BA,I,198,140784.24074452,8.44
2025T3,BA,J,9,10010.4960729,0.6
2025T3,BA,K,2,2260.0632018899996,0.14
2025T3,BA,L,15,9872.91823791,0.59
2025T3,BA,M,56,46650.96832844,2.8
2025T3,BA,N,29,25550.55245938,1.53
2025T3,BA,P,23,16224.26707147,0.97
2025T3,BA,Q,24,20293.50421652,1.22
2025T3,BA,R,24,19198.69046293,1.15
2025T3,BA,S,222,166781.46378694,10.0
2025T3,BA,,355,265512.79790903,15.92
2025T3,CE,A,499,144231.00833267,14.73
2025T3,CE,C,318,132871.05544366,13.57
2025T3,CE,E,1,312.03551836,0.03
2025T3,CE,F,296,131000.81762166,13.38
2025T3,CE,G,91,40395.57289406,4.13
2025T3,CE,H,201,98294.80494561,10.04
2025T3,CE,I,150,59191.09968289,6.05
2025T3,CE,J,12,5584.52849968,0.57
2025T3,CE,K,8,2603.73201293,0.27
2025T3,CE,L,6,2883.4294075,0.29
2025T3,CE,M,55,29390.67367212,3.0
2025T3,CE,N,29,11947.336986280001,1.22
2025T3,CE,P,22,9022.72902749,0.92
2025T3,CE,Q,15,6882.01038237,0.7
2025T3,CE,R,28,13004.19343461,1.33
2025T3,CE,S,213,95453.90365415,9.75
2025T3,CE,,481,195830.97830153,20.01
2025T3,DF,A,9,1377.84250113,0.83
2025T3,DF,C,43,14496.92234699,8.72
2025T3,DF,E,1,150.43653403,0.09
2025T3,DF,F,86,29386.62531544,17.67
2025T3,DF,G,14,3861.38817974,2.32
2025T3,DF,H,61,20934.6978918,12.59
2025T3,DF,I,33,9436.720033059999,5.67
2025T3,DF,J,8,2353.9054623,1.42
2025T3,DF,K,6,1598.29660735,0.96
2025T3,DF,L,11,4891.55332346,2.94
2025T3,DF,M,33,12219.13608018,7.35
2025T3,DF,N,10,3269.10541454,1.97
2025T3,DF,P,12,3681.29200533,2.21
2025T3,DF,Q,11,3552.28547804,2.14
2025T3,DF,R,7,3170.60346734,1.91
2025T3,DF,S,67,22727.69411042,13.67
2025T3,DF,,93,29196.41839574,17.56
2025T3,ES,A,560,96592.68905704,26.96
2025T3,ES,B,1,93.34143792,0.03
2025T3,ES,C,128,27869.27612612,7.78
2025T3,ES,F,216,52123.00237243,14.55
2025T3,ES,G,49,11239.816758429999,3.14
2025T3,ES,H,80,21152.86404411,5.9
2025T3,ES,I,121,27124.37602197,7.57
2025T3,ES,J,5,1036.6132595000001,0.29
2025T3,ES,K,2,362.75463728,0.1
2025T3,ES,L,10,1957.64121519,0.55
2025T3,ES,M,64,15013.8280177,4.19
2025T3,ES,N,15,3521.73104266,0.98
2025T3,ES,P,10,1773.69487501,0.5
2025T3,ES,Q,27,6432.12018106,1.8
2025T3,ES,R,15,3075.33776617,0.86
2025T3,ES,S,188,50355.36576274,14.06
2025T3,ES,,162,38538.24478723,10.76
2025T3,GO,A,206,41788.10342447,7.01
2025T3,GO,C,168,74486.84392214,12.49
2025T3,GO,E,1,614.19690646,0.1
2025T3,GO,F,202,98442.4391326,16.51
2025T3,GO,G,46,22443.7589066,3.76
2025T3,GO,H,130,67020.01737068,11.24
2025T3,GO,I,105,46954.17507946,7.87
2025T3,GO,J,4,2817.2600804999997,0.47
2025T3,GO,L,10,4432.35814032,0.74
2025T3,GO,M,51,27942.32580567,4.69
2025T3,GO,N,14,6701.53539545,1.12
2025T3,GO,P,8,4500.367563700001,0.75
2025T3,GO,Q,30,14876.44691202,2.49
2025T3,GO,R,22,7526.48565377,1.26
2025T3,GO,S,141,72810.58625869,12.21
2025T3,GO,,219,103038.8094561,17.28
2025T3,MA,A,1498,214234.84807633,25.8
2025T3,MA,B,5,1490.75533495,0.18
2025T3,MA,C,207,48214.62816982,5.81
2025T3,MA,F,491,123003.56749854,14.82
2025T3,MA,G,92,21797.1046872,2.63
2025T3,MA,H,224,63726.14742833,7.68
2025T3,MA,I,259,65792.78351509,7.92
2025T3,MA,J,6,1850.1810473199998,0.22
2025T3,MA,K,4,1469.65541704,0.18
2025T3,MA,L,4,776.25151825,0.09
2025T3,MA,M,38,11840.55503007,1.43
2025T3,MA,N,66,14371.6788775,1.73
2025T3,MA,P,29,9032.26952813,1.09
2025T3,MA,Q,21,6002.33176017,0.72
2025T3,MA,R,36,10273.349912669999,1.24
2025T3,MA,S,316,81014.70751016,9.76
2025T3,MA,,635,155368.35280495,18.71
2025T3,MG,A,1092,361108.09799891,18.15
2025T3,MG,B,3,1215.48437092,0.06
2025T3,MG,C,319,171483.01209532,8.62
2025T3,MG,E,2,1158.19449609,0.06
2025T3,MG,F,514,333648.4437459,16.77
2025T3,MG,G,106,71762.17901687,3.61
2025T3,MG,H,290,199577.38998873,10.03
2025T3,MG,I,231,138969.56746794,6.98
2025T3,MG,J,13,8082.8885295400005,0.41
2025T3,MG,K,11,6544.87697376,0.33
2025T3,MG,L,13,6976.16389102,0.35
2025T3,MG,M,82,53685.01747641,2.7
2025T3,MG,N,54,34311.54049056,1.72
2025T3,MG,P,43,36422.63890783,1.83
2025T3,MG,Q,48,31263.33381138,1.57
2025T3,MG,R,36,22869.99228679,1.15
2025T3,MG,S,403,278266.71321913,13.98
2025T3,MG,,359,232627.10957912,11.69
2025T3,MS,A,169,21683.69825343,10.12
2025T3,MS,C,91,20926.39790883,9.77
2025T3,MS,F,158,41908.71424057,19.56
2025T3,MS,G,37,11278.60202767,5.26
2025T3,MS,H,76,20443.50092044,9.54
2025T3,MS,I,69,18826.288675249998,8.79
2025T3,MS,J,4,1115.38013201,0.52
2025T3,MS,K,3,611.55282474,0.29
2025T3,MS,L,4,778.6029111800001,0.36
2025T3,MS,M,30,10158.05555459,4.74
2025T3,MS,N,22,6872.5078255,3.21
2025T3,MS,P,6,1592.81649246,0.74
2025T3,MS,Q,8,1721.55405173,0.8
2025T3,MS,R,7,2102.2653984099998,0.98
2025T3,MS,S,95,27730.16565333,12.94
2025T3,MS,,105,26549.82984723,12.39
2025T3,MT,A,387,54016.23640176,18.92
2025T3,MT,B,1,291.51163546,0.1
2025T3,MT,C,115,27707.46619684,9.71
2025T3,MT,E,4,1168.08051309,0.41
2025T3,MT,F,179,51786.28140686,18.14
2025T3,MT,G,41,13600.356746200001,4.76
2025T3,MT,H,54,16824.39145558,5.89
2025T3,MT,I,90,23488.62810087,8.23
2025T3,MT,J,3,945.02609723,0.33
2025T3,MT,K,5,1458.25066156,0.51
2025T3,MT,L,6,1819.14840875,0.64
2025T3,MT,M,26,7298.70273307,2.56
2025T3,MT,N,40,10970.86946992,3.84
2025T3,MT,P,3,860.1781154,0.3
2025T3,MT,Q,12,3270.69941995,1.15
2025T3,MT,R,10,3667.38034543,1.28
2025T3,MT,S,94,27753.83635914,9.72
2025T3,MT,,158,38551.28552295,13.5
2025T3,PA,A,705,240825.88713817,23.36
2025T3,PA,B,4,1563.38533861,0.15
2025T3,PA,C,325,139192.38249498,13.5
2025T3,PA,E,1,389.40959929,0.04
2025T3,PA,F,233,130904.50141085,12.7
2025T3,PA,G,42,21623.83207831,2.1
2025T3,PA,H,167,85265.74333002,8.27
2025T3,PA,I,166,76156.9611204,7.39
2025T3,PA,J,6,3114.6743289,0.3
2025T3,PA,K,1,241.07597328,0.02
2025T3,PA,L,5,828.21736123,0.08
2025T3,PA,M,27,12690.99688075,1.23
2025T3,PA,N,45,19844.60815919,1.92
2025T3,PA,P,16,7546.178322289999,0.73
2025T3,PA,Q,12,7407.35042417,0.72
2025T3,PA,R,25,11649.7884511,1.13
2025T3,PA,S,180,97378.53186747,9.45
2025T3,PA,,389,174265.5324484,16.9
2025T3,PB,A,287,59689.83819478,17.27
2025T3,PB,B,1,341.87253579,0.1
2025T3,PB,C,91,25496.21028216,7.38
2025T3,PB,E,1,84.23233545,0.02
2025T3,PB,F,145,42546.04385864,12.31
2025T3,PB,G,39,14246.523830279999,4.12
2025T3,PB,H,120,38709.25969831,11.2
2025T3,PB,I,69,18924.21938516,5.48
2025T3,PB,J,8,1891.90679805,0.55
2025T3,PB,K,1,159.05204788,0.05
2025T3,PB,L,5,2309.71623679,0.67
2025T3,PB,M,35,10544.78455919,3.05
2025T3,PB,N,26,8953.152439360001,2.59
2025T3,PB,P,9,3110.37836874,0.9
2025T3,PB,Q,15,5427.20969938,1.57
2025T3,PB,R,10,2985.59618462,0.86
2025T3,PB,S,118,40069.82530015,11.6
2025T3,PB,,236,70058.09979606,20.27
2025T3,PE,A,330,104461.01160904,12.68
2025T3,PE,B,1,137.30308413,0.02
2025T3,PE,C,151,81097.28059303,9.84
2025T3,PE,E,1,205.14351115,0.02
2025T3,PE,F,128,61358.05021453,7.45
2025T3,PE,G,37,23461.867205130002,2.85
2025T3,PE,H,201,125739.48294199,15.26
2025T3,PE,I,144,78169.7402646,9.49
2025T3,PE,J,9,5880.69362166,0.71
2025T3,PE,K,3,1828.86775891,0.22
2025T3,PE,L,2,1280.39429904,0.16
2025T3,PE,M,37,20849.25869769,2.53
2025T3,PE,N,26,14620.41904351,1.77
2025T3,PE,P,14,7053.11435131,0.86
2025T3,PE,Q,24,14793.44943226,1.8
2025T3,PE,R,25,16525.28309893,2.01
2025T3,PE,S,163,100835.62759849,12.24
2025T3,PE,,294,165834.14700865,20.12
2025T3,PI,A,316,81960.3485281,22.79
2025T3,PI,B,5,1204.2736586,0.33
2025T3,PI,C,121,37307.52852866,10.38
2025T3,PI,F,119,42696.94320483,11.87
2025T3,PI,G,34,10605.99303265,2.95
2025T3,PI,H,83,22512.41605166,6.26
2025T3,PI,I,99,29275.04420535,8.14
2025T3,PI,J,1,293.62591301,0.08
2025T3,PI,L,3,712.64919777,0.2
2025T3,PI,M,31,9572.9545199,2.66
2025T3,PI,N,28,7524.52170294,2.09
2025T3,PI,P,20,4701.25668098,1.31
2025T3,PI,Q,9,2617.77992858,0.73
2025T3,PI,R,16,6318.05988936,1.76
2025T3,PI,S,107,35123.56957581,9.77
2025T3,PI,,224,67163.53819857,18.68
2025T3,PR,A,808,190236.53764879,19.45
2025T3,PR,C,203,81982.86608709,8.38
2025T3,PR,E,3,1113.0473900400002,0.11
2025T3,PR,F,385,169398.70023957,17.32
2025T3,PR,G,94,37474.89381179,3.83
2025T3,PR,H,180,88638.69174805,9.06
2025T3,PR,I,110,55937.13707169,5.72
2025T3,PR,J,8,4299.3050154,0.44
2025T3,PR,K,9,5483.82103045,0.56
2025T3,PR,L,12,4104.256999220001,0.42
2025T3,PR,M,78,43523.42854669,4.45
2025T3,PR,N,44,19803.45638307,2.02
2025T3,PR,P,16,7371.88664919,0.75
2025T3,PR,Q,41,18120.37157032,1.85
2025T3,PR,R,16,12870.86915561,1.32
2025T3,PR,S,215,105538.78022553,10.79
2025T3,PR,,287,132378.63821227,13.53
2025T3,RJ,A,200,40944.65429067,2.39
2025T3,RJ,B,1,232.29208385,0.01
2025T3,RJ,C,280,149938.78888247,8.77
2025T3,RJ,E,3,1277.39347498,0.07
2025T3,RJ,F,481,231386.09263979,13.53
2025T3,RJ,G,112,54604.66195299,3.19
2025T3,RJ,H,434,258166.23842901,15.1
2025T3,RJ,I,328,164789.4510756,9.64
2025T3,RJ,J,20,11986.0741149,0.7
2025T3,RJ,K,24,23386.66445984,1.37
2025T3,RJ,L,31,28109.78484072,1.64
2025T3,RJ,M,137,73119.79705763,4.28
2025T3,RJ,N,91,45553.13081148,2.66
2025T3,RJ,P,64,30042.41091043,1.76
2025T3,RJ,Q,116,64996.16119281,3.8
2025T3,RJ,R,57,32534.07213372,1.9
2025T3,RJ,S,468,245208.00662264,14.34
2025T3,RJ,,507,253376.39814517,14.82
2025T3,RN,A,216,57558.65433831,16.96
2025T3,RN,C,69,25521.7199688,7.52
2025T3,RN,E,3,1308.06969169,0.39
2025T3,RN,F,150,56530.68783632,16.66
2025T3,RN,G,35,12089.45730854,3.56
2025T3,RN,H,91,36546.55666302,10.77
2025T3,RN,I,67,21116.57677114,6.22
2025T3,RN,J,7,3287.62941285,0.97
2025T3,RN,K,1,365.34807805,0.11
2025T3,RN,L,1,182.67238697,0.05
2025T3,RN,M,28,10576.97810265,3.12
2025T3,RN,N,7,2723.9890895099998,0.8
2025T3,RN,P,18,7138.66344028,2.1
2025T3,RN,Q,13,4998.68018944,1.47
2025T3,RN,R,16,6068.07158348,1.79
2025T3,RN,S,106,38853.80073214,11.45
2025T3,RN,,158,54508.68740032,16.06
2025T3,RO,A,464,64876.0525973,43.98
2025T3,RO,C,27,6781.93207596,4.6
2025T3,RO,F,69,15555.2973459,10.54
2025T3,RO,G,21,5624.83994625,3.81
2025T3,RO,H,42,9785.35230205,6.63
2025T3,RO,I,31,5852.64489547,3.97
2025T3,RO,J,2,259.33652099,0.18
2025T3,RO,L,1,555.94605356,0.38
2025T3,RO,M,13,3580.88580868,2.43
2025T3,RO,N,7,1675.46082783,1.14
2025T3,RO,P,5,1346.99196565,0.91
2025T3,RO,Q,4,1039.15814487,0.7
2025T3,RO,R,3,439.67494084,0.3
2025T3,RO,S,52,14354.68979384,9.73
2025T3,RO,,63,15790.88688534,10.7
2025T3,RR,A,160,8861.30138721,15.95
2025T3,RR,B,3,418.4288768,0.75
2025T3,RR,C,36,3258.64705128,5.87
2025T3,RR,E,1,105.33116455,0.19
2025T3,RR,F,83,9002.95434037,16.21
2025T3,RR,G,24,3131.15299751,5.64
2025T3,RR,H,52,6907.6588413,12.43
2025T3,RR,I,37,4511.10560584,8.12
2025T3,RR,J,2,334.20834675000003,0.6
2025T3,RR,L,1,26.1009941,0.05
2025T3,RR,M,7,1054.04458569,1.9
2025T3,RR,N,14,1306.77764621,2.35
2025T3,RR,P,2,182.89445657,0.33
2025T3,RR,Q,3,398.65300231,0.72
2025T3,RR,R,2,211.83753427,0.38
2025T3,RR,S,42,6118.01038646,11.01
2025T3,RR,,81,9725.94064491,17.51
2025T3,RS,A,932,222621.38800189,23.51
2025T3,RS,C,174,72945.38563698,7.7
2025T3,RS,F,336,159875.79184474,16.88
2025T3,RS,G,71,33722.188808,3.56
2025T3,RS,H,194,99135.54647388001,10.47
2025T3,RS,I,110,47235.26707205,4.99
2025T3,RS,J,14,7336.464123010001,0.77
2025T3,RS,K,6,2627.1052407,0.28
2025T3,RS,L,8,2388.02282177,0.25
2025T3,RS,M,68,27228.21645484,2.88
2025T3,RS,N,31,12467.60980784,1.32
2025T3,RS,P,20,8582.57698956,0.91
2025T3,RS,Q,55,25231.54642597,2.66
2025T3,RS,R,33,14578.61329955,1.54
2025T3,RS,S,203,101447.85917983,10.71
2025T3,RS,,242,109557.51466441,11.57
2025T3,SC,A,820,125990.32014426,20.6
2025T3,SC,B,1,27.00405899,0.0
2025T3,SC,C,328,86092.31563415,14.08
2025T3,SC,E,7,1992.19177529,0.33
2025T3,SC,F,340,92262.0955753,15.09
2025T3,SC,G,78,23466.762669030002,3.84
2025T3,SC,H,139,39168.0776933,6.4
2025T3,SC,I,101,26753.65914854,4.37
2025T3,SC,J,24,6921.14645642,1.13
2025T3,SC,K,6,2279.39559569,0.37
2025T3,SC,L,25,7265.17163995,1.19
2025T3,SC,M,89,23580.18079716,3.86
2025T3,SC,N,63,18808.6696711,3.08
2025T3,SC,P,20,5762.20466214,0.94
2025T3,SC,Q,42,11649.89010696,1.91
2025T3,SC,R,31,9246.72245512,1.51
2025T3,SC,S,214,62254.30848197,10.18
2025T3,SC,,253,68012.54894614,11.12
2025T3,SE,A,168,29428.186166120002,15.57
2025T3,SE,C,41,9725.19457445,5.15
2025T3,SE,E,1,237.2491494,0.13
2025T3,SE,F,58,17558.10573711,9.29
2025T3,SE,G,29,8467.2597583,4.48
2025T3,SE,H,74,20720.87186153,10.97
2025T3,SE,I,55,13908.82078881,7.36
2025T3,SE,J,2,481.00682844999994,0.25
2025T3,SE,K,1,371.77624643,0.2
2025T3,SE,L,2,250.37647489,0.13
2025T3,SE,M,17,5926.95245434,3.14
2025T3,SE,N,5,1221.77801634,0.65
2025T3,SE,P,11,2967.31380492,1.57
2025T3,SE,Q,14,4557.07125171,2.41
2025T3,SE,R,10,2976.22391907,1.58
2025T3,SE,S,99,27459.81738997,14.53
2025T3,SE,,160,42694.33312256,22.6
2025T3,SP,A,424,148936.54565505,3.97
2025T3,SP,B,2,1169.1840326,0.03
2025T3,SP,C,278,335731.84299511,8.96
2025T3,SP,E,3,3505.45003788,0.09
2025T3,SP,F,596,671081.7260372,17.9
2025T3,SP,G,116,147751.80561933,3.94
2025T3,SP,H,359,474873.73925633,12.67
2025T3,SP,I,243,304143.49479215,8.11
2025T3,SP,J,33,43316.45218131,1.16
2025T3,SP,K,12,14376.17994587,0.38
2025T3,SP,L,24,26507.13407975,0.71
2025T3,SP,M,138,169950.21845687,4.53
2025T3,SP,N,109,131083.6152984,3.5
2025T3,SP,P,27,30126.46897435,0.8
2025T3,SP,Q,113,138609.9441148,3.7
2025T3,SP,R,63,74544.50254324,1.99
2025T3,SP,S,392,508796.28441521,13.57
2025T3,SP,,414,524460.16098613,13.99
2025T3,TO,A,216,25217.09645319,18.19
2025T3,TO,C,85,13434.28071219,9.69
2025T3,TO,F,106,23972.78412736,17.29
2025T3,TO,G,22,5163.08318154,3.72
2025T3,TO,H,39,8643.11081837,6.23
2025T3,TO,I,57,13872.59766422,10.01
2025T3,TO,J,2,655.2340814,0.47
2025T3,TO,L,4,1004.79394808,0.72
2025T3,TO,M,19,4493.94344707,3.24
2025T3,TO,N,17,3624.77326184,2.61
2025T3,TO,P,5,1393.09905072,1.0
2025T3,TO,Q,2,649.4647435100001,0.47
2025T3,TO,R,3,555.48069757,0.4
2025T3,TO,S,69,15939.45078809,11.5
2025T3,TO,,87,20017.69315365,14.44
2025T4,AC,A,189,11022.57525225,20.15
2025T4,AC,C,69,6364.66114045,11.64
2025T4,AC,F,13,1143.22074412,2.09
2025T4,AC,G,21,2053.75159725,3.75
2025T4,AC,H,81,6922.34312599,12.65
2025T4,AC,I,45,4685.80637897,8.57
2025T4,AC,L,1,41.3489977,0.08
2025T4,AC,M,6,512.9283874,0.94
2025T4,AC,N,26,2735.32305051,5.0
2025T4,AC,P,5,505.40998086999997,0.92
2025T4,AC,Q,3,358.13771907,0.65
2025T4,AC,S,60,6602.37672744,12.07
2025T4,AC,,106,11753.8726352,21.49
2025T4,AL,A,325,36743.88272314,14.02
2025T4,AL,B,1,302.69750671,0.12
2025T4,AL,C,73,12256.06616437,4.68
2025T4,AL,E,1,275.93266028,0.11
2025T4,AL,F,245,41705.78056291,15.91
2025T4,AL,G,44,8839.63176465,3.37
2025T4,AL,H,168,33734.71636447,12.87
2025T4,AL,I,98,16414.10048961,6.26
2025T4,AL,J,4,1329.22864756,0.51
2025T4,AL,K,1,247.29898572,0.09
2025T4,AL,L,9,1419.18268295,0.54
2025T4,AL,M,30,6628.2354556,2.53
2025T4,AL,N,30,5060.84714298,1.93
2025T4,AL,P,9,1792.73581145,0.68
2025T4,AL,Q,25,4758.16329803,1.82
2025T4,AL,R,14,2584.27839189,0.99
2025T4,AL,S,184,36575.50324495,13.96
2025T4,AL,,295,51423.561564050004,19.62
2025T4,AM,A,769,131444.29343885,27.67
2025T4,AM,B,2,448.19801039000004,0.09
2025T4,AM,C,103,28927.49800538,6.09
2025T4,AM,E,2,634.07321226,0.13
2025T4,AM,F,175,57343.95037492,12.07
2025T4,AM,G,30,9712.25323975,2.04
2025T4,AM,H,134,46115.091899,9.71
2025T4,AM,I,103,30387.7672202,6.4
2025T4,AM,J,4,1480.2888022500001,0.31
2025T4,AM,K,3,735.84688347,0.15
2025T4,AM,L,8,2896.75253909,0.61
2025T4,AM,M,23,6790.1458872,1.43
2025T4,AM,N,28,8388.76364043,1.77
2025T4,AM,P,13,4895.35596394,1.03
2025T4,AM,Q,13,4125.23759762,0.87
2025T4,AM,R,14,6084.59988438,1.28
2025T4,AM,S,136,44855.88793107,9.44
2025T4,AM,,281,89772.61109752,18.9
2025T4,AP,A,183,11982.74314652,13.48
2025T4,AP,B,3,342.9030374,0.39
2025T4,AP,C,57,8785.01476934,9.88
2025T4,AP,E,1,200.54445728,0.23
2025T4,AP,F,84,15067.16166114,16.95
2025T4,AP,G,13,1962.34235408,2.21
2025T4,AP,H,65,12862.73468765,14.47
2025T4,AP,I,25,4614.14927552,5.19
2025T4,AP,J,1,241.85543631,0.27
2025T4,AP,L,1,223.85792129,0.25
2025T4,AP,M,10,2096.28882101,2.36
2025T4,AP,N,23,2737.90648762,3.08
2025T4,AP,P,2,309.9149308,0.35
2025T4,AP,Q,4,700.6117742600001,0.79
2025T4,AP,R,6,1241.54862942,1.4
2025T4,AP,S,67,11704.62148028,13.16
2025T4,AP,,84,13840.92461357,15.57
2025T4,BA,A,981,423939.21647178,25.21
2025T4,BA,B,6,1856.59452222,0.11
2025T4,BA,C,190,121840.70999258,7.25
2025T4,BA,F,290,195693.64060574,11.64
2025T4,BA,G,66,48282.9980508,2.87
2025T4,BA,H,189,144035.150151,8.57
2025T4,BA,I,217,140438.39921781,8.35
2025T4,BA,J,6,5446.371982770001,0.32
2025T4,BA,L,14,10260.39693162,0.61
2025T4,BA,M,61,53747.77865007,3.2
2025T4,BA,N,38,24593.93450659,1.46
2025T4,BA,P,26,19811.02123801,1.18
2025T4,BA,Q,24,17914.16898628,1.07
2025T4,BA,R,26,21351.3167061,1.27
2025T4,BA,S,227,163252.64408299,9.71
2025T4,BA,,418,289083.52333582,17.19
2025T4,CE,A,455,129198.01247468,13.72
2025T4,CE,B,3,2478.19748094,0.26
2025T4,CE,C,302,120040.89040461,12.75
2025T4,CE,E,2,900.25407617,0.1
2025T4,CE,F,303,127568.7644338,13.55
2025T4,CE,G,80,33785.56558668,3.59
2025T4,CE,H,181,84267.76116445,8.95
2025T4,CE,I,153,61444.37102477,6.53
2025T4,CE,J,11,5390.27556819,0.57
2025T4,CE,K,6,2287.33528765,0.24
2025T4,CE,L,5,3151.9208680499996,0.33
2025T4,CE,M,38,16942.46726655,1.8
2025T4,CE,N,36,15814.31532542,1.68
2025T4,CE,P,29,10501.67666174,1.12
2025T4,CE,Q,27,10116.37103713,1.07
2025T4,CE,R,28,11628.78215144,1.24
2025T4,CE,S,229,107155.85392094,11.38
2025T4,CE,,499,198752.04401784,21.11
2025T4,DF,A,18,3193.71923914,1.89
2025T4,DF,C,44,15752.46329432,9.34
2025T4,DF,F,82,27081.20482494,16.06
2025T4,DF,G,14,5182.16460715,3.07
2025T4,DF,H,55,20304.95008161,12.04
2025T4,DF,I,35,12401.78342763,7.36
2025T4,DF,J,7,2733.10856897,1.62
2025T4,DF,K,4,1195.28789873,0.71
2025T4,DF,L,7,2764.94157579,1.64
2025T4,DF,M,27,11864.49189701,7.04
2025T4,DF,N,15,5594.80545334,3.32
2025T4,DF,P,7,2150.43218685,1.28
2025T4,DF,Q,16,5994.33374321,3.56
2025T4,DF,R,9,2928.07199167,1.74
2025T4,DF,S,84,27075.34860262,16.06
2025T4,DF,,76,22362.226323580002,13.27
2025T4,ES,A,572,99577.68107265,29.48
2025T4,ES,C,105,23737.86352114,7.03
2025T4,ES,F,160,38172.47947221,11.3
2025T4,ES,G,41,10062.87599409,2.98
2025T4,ES,H,86,21878.56692866,6.48
2025T4,ES,I,116,26314.49160167,7.79
2025T4,ES,J,10,2720.6597017,0.81
2025T4,ES,K,6,1687.34996901,0.5
2025T4,ES,L,6,920.88803053,0.27
2025T4,ES,M,54,11333.87491522,3.36
2025T4,ES,N,14,4076.18724757,1.21
2025T4,ES,P,15,3381.0345669900003,1.0
2025T4,ES,Q,16,4195.6667168,1.24
2025T4,ES,R,15,4485.86649091,1.33
2025T4,ES,S,186,48436.09019157,14.34
2025T4,ES,,159,36768.20110785,10.89
2025T4,GO,A,226,49026.08267319,8.21
2025T4,GO,C,162,70699.42751714,11.83
2025T4,GO,F,194,94368.68803625,15.79
2025T4,GO,G,58,28707.87830631,4.8
2025T4,GO,H,144,73054.59486706,12.23
2025T4,GO,I,108,43644.58126739,7.3
2025T4,GO,J,8,5760.60890008,0.96
2025T4,GO,K,2,602.4492065300001,0.1
2025T4,GO,L,13,6577.25015474,1.1
2025T4,GO,M,46,21206.42196837,3.55
2025T4,GO,N,16,7667.462506639999,1.28
2025T4,GO,P,14,6803.51761825,1.14
2025T4,GO,Q,19,10141.33467875,1.7
2025T4,GO,R,14,5124.24160898,0.86
2025T4,GO,S,152,73134.07311632,12.24
2025T4,GO,,218,100953.5379063,16.9
2025T4,MA,A,1469,213924.88468988,25.08
2025T4,MA,B,5,995.5637993299999,0.12
2025T4,MA,C,207,52391.691087780004,6.14
2025T4,MA,E,2,355.54677488,0.04
2025T4,MA,F,523,131079.50210974,15.37
2025T4,MA,G,99,25784.74553208,3.02
2025T4,MA,H,247,68807.16585788,8.07
2025T4,MA,I,263,62604.23471348,7.34
2025T4,MA,J,5,1682.15107925,0.2
2025T4,MA,K,3,989.36664664,0.12
2025T4,MA,L,3,840.0332868200001,0.1
2025T4,MA,M,32,11038.54570685,1.29
2025T4,MA,N,69,14746.05441152,1.73
2025T4,MA,P,21,5133.27623652,0.6
2025T4,MA,Q,18,5333.95488698,0.63
2025T4,MA,R,27,8456.27198922,0.99
2025T4,MA,S,310,80774.04894132,9.47
2025T4,MA,,694,167984.84261823999,19.7
2025T4,MG,A,996,358066.42049129,18.65
2025T4,MG,B,1,431.26042238,0.02
2025T4,MG,C,287,145369.86974171,7.57
2025T4,MG,E,2,518.80695213,0.03
2025T4,MG,F,531,321056.48051751,16.73
2025T4,MG,G,109,69181.38044496,3.6
2025T4,MG,H,283,183970.20580939,9.58
2025T4,MG,I,253,150988.45282254,7.87
2025T4,MG,J,13,6549.4997319,0.34
2025T4,MG,K,7,3060.7958351099996,0.16
2025T4,MG,L,12,6368.84743641,0.33
2025T4,MG,M,89,57931.13511003,3.02
2025T4,MG,N,61,33328.25774758,1.74
2025T4,MG,P,42,28426.392680330002,1.48
2025T4,MG,Q,62,37545.89722046,1.96
2025T4,MG,R,31,22162.34330906,1.15
2025T4,MG,S,423,267561.48018638,13.94
2025T4,MG,,375,227035.18891931,11.83
2025T4,MS,A,183,19054.48817499,8.72
2025T4,MS,C,96,22211.09227012,10.16
2025T4,MS,F,163,40846.20914571,18.68
2025T4,MS,G,25,7564.12402153,3.46
2025T4,MS,H,78,19623.770861,8.98
2025T4,MS,I,80,19396.74039692,8.87
2025T4,MS,J,9,3684.2953198,1.69
2025T4,MS,K,3,689.7646255899999,0.32
2025T4,MS,L,4,905.7208373799999,0.41
2025T4,MS,M,18,5220.75070477,2.39
2025T4,MS,N,30,7731.01801397,3.54
2025T4,MS,P,8,2489.83397246,1.14
2025T4,MS,Q,17,4135.02118005,1.89
2025T4,MS,R,9,2553.5986434,1.17
2025T4,MS,S,120,33139.59398355,15.16
2025T4,MS,,127,29382.43692979,13.44
2025T4,MT,A,429,52673.36638214,18.1
2025T4,MT,B,2,1081.21341749,0.37
2025T4,MT,C,105,25277.38409624,8.69
2025T4,MT,E,2,326.85416617,0.11
2025T4,MT,F,201,55302.7822023,19.01
2025T4,MT,G,30,8978.39297526,3.09
2025T4,MT,H,76,22910.37636893,7.87
2025T4,MT,I,97,22801.52937295,7.84
2025T4,MT,J,4,1509.93909322,0.52
2025T4,MT,K,1,198.62687697,0.07
2025T4,MT,L,7,2079.43656712,0.71
2025T4,MT,M,22,6821.30686294,2.34
2025T4,MT,N,34,8890.39079881,3.06
2025T4,MT,P,13,4218.44697353,1.45
2025T4,MT,Q,13,3490.48008808,1.2
2025T4,MT,R,6,1672.64802871,0.57
2025T4,MT,S,110,34133.616662270004,11.73
2025T4,MT,,150,38610.89983672,13.27
2025T4,PA,A,707,258272.90724554998,24.99
2025T4,PA,B,2,814.94279244,0.08
2025T4,PA,C,301,129390.92294663,12.52
2025T4,PA,E,3,1344.39101768,0.13
2025T4,PA,F,226,118546.85343826,11.47
2025T4,PA,G,45,23421.13713123,2.27
2025T4,PA,H,183,79751.41233039,7.72
2025T4,PA,I,176,81157.91793366,7.85
2025T4,PA,J,7,3743.69043195,0.36
2025T4,PA,K,1,616.15919969,0.06
2025T4,PA,L,5,1927.12176095,0.19
2025T4,PA,M,29,12597.06529173,1.22
2025T4,PA,N,41,16683.93801738,1.61
2025T4,PA,P,18,7922.65940948,0.77
2025T4,PA,Q,12,5336.64642047,0.52
2025T4,PA,R,27,14116.63639494,1.37
2025T4,PA,S,199,96270.59141888,9.32
2025T4,PA,,429,181395.29932058,17.55
2025T4,PB,A,232,52749.32277341,15.87
2025T4,PB,B,3,1440.1056422000001,0.43
2025T4,PB,C,91,23822.22096575,7.17
2025T4,PB,F,171,45130.287161090004,13.57
2025T4,PB,G,38,11840.03904595,3.56
2025T4,PB,H,124,36673.51227885,11.03
2025T4,PB,I,88,22548.84148377,6.78
2025T4,PB,J,8,1404.6270847399999,0.42
2025T4,PB,K,3,772.34359607,0.23
2025T4,PB,L,4,843.85096962,0.25
2025T4,PB,M,40,11101.0351962,3.34
2025T4,PB,N,26,7486.55805344,2.25
2025T4,PB,P,13,3112.54076307,0.94
2025T4,PB,Q,15,4190.01518857,1.26
2025T4,PB,R,13,3341.13095861,1.0
2025T4,PB,S,133,44358.08469827,13.34
2025T4,PB,,234,61659.79331608,18.55
2025T4,PE,A,290,90561.69886723,11.21
2025T4,PE,B,2,264.79840841,0.03
2025T4,PE,C,147,81814.59429942,10.13
2025T4,PE,E,1,989.19421763,0.12
2025T4,PE,F,155,73539.40356119,9.1
2025T4,PE,G,52,30378.85550813,3.76
2025T4,PE,H,192,115935.9550125,14.35
2025T4,PE,I,139,72840.99893576,9.02
2025T4,PE,J,6,3187.27283637,0.39
2025T4,PE,K,2,1169.99863455,0.14
2025T4,PE,L,4,2250.37218321,0.28
2025T4,PE,M,44,27663.45451491,3.42
2025T4,PE,N,17,10593.12840775,1.31
2025T4,PE,P,18,11126.52729592,1.38
2025T4,PE,Q,26,16488.35337203,2.04
2025T4,PE,R,22,12189.16893659,1.51
2025T4,PE,S,180,107224.27191713,13.27
2025T4,PE,,282,149770.84457025,18.54
2025T4,PI,A,252,66309.53200845,20.01
2025T4,PI,B,3,820.83699591,0.25
2025T4,PI,C,116,34662.48429917,10.46
2025T4,PI,E,1,74.56073213,0.02
2025T4,PI,F,128,35286.58540788,10.65
2025T4,PI,G,40,11088.12832642,3.35
2025T4,PI,H,97,24070.92633553,7.27
2025T4,PI,I,110,28518.48384821,8.61
2025T4,PI,J,3,406.7804083,0.12
2025T4,PI,K,1,364.98480755,0.11
2025T4,PI,M,26,6540.01588136,1.97
2025T4,PI,N,35,9959.81700769,3.01
2025T4,PI,P,22,5632.5963656700005,1.7
2025T4,PI,Q,6,1782.53213342,0.54
2025T4,PI,R,15,4878.33352639,1.47
2025T4,PI,S,119,36281.48984553,10.95
2025T4,PI,,213,64625.87622912,19.51
2025T4,PR,A,794,182292.10523091,19.82
2025T4,PR,C,193,87604.92013567,9.52
2025T4,PR,E,1,588.50257348,0.06
2025T4,PR,F,387,172739.48364369,18.78
2025T4,PR,G,86,36312.02452496,3.95
2025T4,PR,H,168,80275.15109012,8.73
2025T4,PR,I,112,45019.36242331,4.89
2025T4,PR,J,9,4442.66466472,0.48
2025T4,PR,K,5,2013.9077104,0.22
2025T4,PR,L,17,6553.24885948,0.71
2025T4,PR,M,74,37411.42547337,4.07
2025T4,PR,N,49,21080.30451422,2.29
2025T4,PR,P,11,5364.97500303,0.58
2025T4,PR,Q,45,18602.68649151,2.02
2025T4,PR,R,19,8204.99933902,0.89
2025T4,PR,S,202,90583.36735234,9.85
2025T4,PR,,282,120722.46933212,13.12
2025T4,RJ,A,230,47769.92376366,2.82
2025T4,RJ,B,2,946.7413004299999,0.06
2025T4,RJ,C,297,140282.9927951,8.28
2025T4,RJ,E,3,1140.6011422899999,0.07
2025T4,RJ,F,469,222365.3875108,13.13
2025T4,RJ,G,121,61466.97128407,3.63
2025T4,RJ,H,401,223190.45986605,13.18
2025T4,RJ,I,316,160051.95370855,9.45
2025T4,RJ,J,21,11700.61001264,0.69
2025T4,RJ,K,21,11332.67492686,0.67
2025T4,RJ,L,36,21380.29219979,1.26
2025T4,RJ,M,136,69762.29841454,4.12
2025T4,RJ,N,144,83723.55458025,4.94
2025T4,RJ,P,56,26731.41381829,1.58
2025T4,RJ,Q,95,47755.09710146,2.82
2025T4,RJ,R,75,42391.74303982,2.5
2025T4,RJ,S,459,235932.84908814,13.93
2025T4,RJ,,518,285938.91118628,16.88
2025T4,RN,A,192,54553.38366641,16.46
2025T4,RN,B,2,286.11925095,0.09
2025T4,RN,C,70,23761.17077155,7.17
2025T4,RN,E,2,687.05077565,0.21
2025T4,RN,F,157,53467.2349858,16.13
2025T4,RN,G,37,14615.69484153,4.41
2025T4,RN,H,100,38523.13264419,11.62
2025T4,RN,I,70,25777.20679869,7.78
2025T4,RN,J,6,1725.5459635,0.52
2025T4,RN,K,1,179.86094795,0.05
2025T4,RN,L,2,444.45580684,0.13
2025T4,RN,M,26,8899.10410448,2.69
2025T4,RN,N,9,2901.82137409,0.88
2025T4,RN,P,8,2852.74174662,0.86
2025T4,RN,Q,12,4777.40454347,1.44
2025T4,RN,R,16,6141.72466747,1.85
2025T4,RN,S,113,38694.76171283,11.67
2025T4,RN,,165,53149.23134631,16.04
2025T4,RO,A,489,64460.32615323,39.58
2025T4,RO,B,4,924.26344348,0.57
2025T4,RO,C,47,11555.24259266,7.09
2025T4,RO,E,4,514.99972009,0.32
2025T4,RO,F,97,17813.03070073,10.94
2025T4,RO,G,16,4216.36194539,2.59
2025T4,RO,H,38,7878.22086285,4.84
2025T4,RO,I,45,8146.03642376,5.0
2025T4,RO,J,3,256.04992376999996,0.16
2025T4,RO,K,2,288.2272728,0.18
2025T4,RO,L,1,194.0425778,0.12
2025T4,RO,M,25,7312.53168201,4.49
2025T4,RO,N,13,3072.69221446,1.89
2025T4,RO,P,7,1285.9430524,0.79
2025T4,RO,Q,9,1479.8663646700002,0.91
2025T4,RO,R,6,1353.3419512300002,0.83
2025T4,RO,S,64,16243.17316467,9.97
2025T4,RO,,81,15878.83195195,9.75
2025T4,RR,A,141,8665.67097218,15.39
2025T4,RR,B,1,90.4296404,0.16
2025T4,RR,C,41,4560.34818661,8.1
2025T4,RR,F,74,7882.35689116,14.0
2025T4,RR,G,11,783.69473154,1.39
2025T4,RR,H,51,7186.90825826,12.76
2025T4,RR,I,51,5549.53103865,9.86
2025T4,RR,L,1,56.05242785,0.1
2025T4,RR,M,6,767.29738088,1.36
2025T4,RR,N,21,2176.8427053699997,3.87
2025T4,RR,P,6,714.8089628600001,1.27
2025T4,RR,Q,5,592.44760099,1.05
2025T4,RR,R,13,1271.59840257,2.26
2025T4,RR,S,49,6954.12200632,12.35
2025T4,RR,,78,9057.64991595,16.09
2025T4,RS,A,927,206932.60998109,22.59
2025T4,RS,B,1,512.70534814,0.06
2025T4,RS,C,180,76965.92257963,8.4
2025T4,RS,E,1,374.64994931,0.04
2025T4,RS,F,309,142844.06010567,15.59
2025T4,RS,G,64,30504.40586906,3.33
2025T4,RS,H,159,79605.91309697,8.69
2025T4,RS,I,140,59363.08410115,6.48
2025T4,RS,J,14,6571.32129956,0.72
2025T4,RS,K,5,2047.73689362,0.22
2025T4,RS,L,10,3751.84814947,0.41
2025T4,RS,M,71,27594.27309254,3.01
2025T4,RS,N,40,17870.27900479,1.95
2025T4,RS,P,16,7431.9110208,0.81
2025T4,RS,Q,50,20944.59186818,2.29
2025T4,RS,R,26,10131.32134098,1.11
2025T4,RS,S,221,113765.72369784,12.42
2025T4,RS,,246,109005.52842108,11.9
2025T4,SC,A,829,132513.62880276,21.81
2025T4,SC,C,320,87799.06628339,14.45
2025T4,SC,E,5,1498.78558099,0.25
2025T4,SC,F,359,93981.01442673,15.46
2025T4,SC,G,86,24025.17937977,3.95
2025T4,SC,H,129,33672.81626134,5.54
2025T4,SC,I,110,27559.38223705,4.54
2025T4,SC,J,18,4709.71109925,0.78
2025T4,SC,K,9,2325.49575009,0.38
2025T4,SC,L,30,11643.90707902,1.92
2025T4,SC,M,88,24701.391386,4.06
2025T4,SC,N,53,13281.69725605,2.19
2025T4,SC,P,18,5344.8220122,0.88
2025T4,SC,Q,61,15157.02907555,2.49
2025T4,SC,R,30,9172.95303708,1.51
2025T4,SC,S,208,59753.49213158,9.83
2025T4,SC,,227,60563.12224151,9.97
2025T4,SE,A,162,30178.8417088,15.64
2025T4,SE,C,62,13261.693714519999,6.87
2025T4,SE,E,4,1011.72775122,0.52
2025T4,SE,F,56,15049.75670864,7.8
2025T4,SE,G,30,9484.79486049,4.91
2025T4,SE,H,95,25441.67159744,13.18
2025T4,SE,I,56,13896.50697165,7.2
2025T4,SE,J,4,1334.64559543,0.69
2025T4,SE,L,3,622.27691084,0.32
2025T4,SE,M,18,5538.743950829999,2.87
2025T4,SE,N,9,1729.7155093000001,0.9
2025T4,SE,P,11,2618.2686056000002,1.36
2025T4,SE,Q,14,4193.52513383,2.17
2025T4,SE,R,13,3256.99171351,1.69
2025T4,SE,S,93,22464.31964564,11.64
2025T4,SE,,161,42900.00539892,22.23
2025T4,SP,A,400,140198.03929195,3.74
2025T4,SP,C,293,343926.17755486,9.17
2025T4,SP,E,5,6399.76399294,0.17
2025T4,SP,F,592,697633.69209658,18.6
2025T4,SP,G,108,137568.05888964,3.67
2025T4,SP,H,348,440915.22147843,11.75
2025T4,SP,I,258,325805.82024264,8.69
2025T4,SP,J,33,46296.24141434,1.23
2025T4,SP,K,12,17645.89966954,0.47
2025T4,SP,L,29,34842.15346131,0.93
2025T4,SP,M,129,153589.85328742,4.09
2025T4,SP,N,99,110039.20057457,2.93
2025T4,SP,P,39,49525.43711269,1.32
2025T4,SP,Q,94,114771.35156594,3.06
2025T4,SP,R,57,68330.56598656,1.82
2025T4,SP,S,382,516067.61942811,13.76
2025T4,SP,,429,547636.2912927,14.6
2025T4,TO,A,213,24044.88154437,18.69
2025T4,TO,C,81,13156.48075675,10.23
2025T4,TO,F,95,21193.95080605,16.47
2025T4,TO,G,21,4916.45616308,3.82
2025T4,TO,H,41,9349.05779488,7.27
2025T4,TO,I,49,10715.0390173,8.33
2025T4,TO,K,1,196.03653088,0.15
2025T4,TO,L,4,817.34482225,0.64
2025T4,TO,M,17,3431.64046441,2.67
2025T4,TO,N,22,5102.13624935,3.97
2025T4,TO,P,4,930.74489956,0.72
2025T4,TO,Q,1,223.5279817,0.17
2025T4,TO,S,73,17682.43803953,13.74
2025T4,TO,,81,16900.15169748,13.14
