periodo,uf,dimensao,valor,n_amostral,total_expandido,share_pct
2025T1,AC,sexo,feminino,174,16491.61935906,25.91
2025T1,AC,sexo,masculino,503,47150.79089292,74.09
2025T1,AL,sexo,feminino,446,80683.85993669,32.22
2025T1,AL,sexo,masculino,1006,169761.33340113,67.78
2025T1,AM,sexo,feminino,500,162902.94565602,32.05
2025T1,AM,sexo,masculino,1341,345342.58539323,67.95
2025T1,AP,sexo,feminino,143,25335.75642682,28.9
2025T1,AP,sexo,masculino,335,62323.91151796,71.1
2025T1,BA,sexo,feminino,818,545426.141566,35.28
2025T1,BA,sexo,masculino,1640,1000595.5044755,64.72
2025T1,CE,sexo,feminino,749,318488.55080199,35.3
2025T1,CE,sexo,masculino,1404,583637.73071446,64.7
2025T1,DF,sexo,feminino,237,75945.73319083,39.14
2025T1,DF,sexo,masculino,352,118085.22360401,60.86
2025T1,ES,sexo,feminino,567,138460.9053125,38.0
2025T1,ES,sexo,masculino,1006,225881.47407662,62.0
2025T1,GO,sexo,feminino,490,222024.67998455,36.94
2025T1,GO,sexo,masculino,886,379055.70859462,63.06
2025T1,MA,sexo,feminino,1075,251765.02581824,32.32
2025T1,MA,sexo,masculino,2472,527308.14770024,67.68
2025T1,MG,sexo,feminino,1054,656875.76743294,33.15
2025T1,MG,sexo,masculino,2400,1324535.86752988,66.85
2025T1,MS,sexo,feminino,281,69293.30027669,35.41
2025T1,MS,sexo,masculino,497,126374.03560605,64.59
2025T1,MT,sexo,feminino,375,102373.79862062,32.26
2025T1,MT,sexo,masculino,790,214920.90694025,67.74
2025T1,PA,sexo,feminino,658,329093.23747429,32.74
2025T1,PA,sexo,masculino,1463,676046.04142176,67.26
2025T1,PB,sexo,feminino,415,134066.30279344,36.08
2025T1,PB,sexo,masculino,769,237475.40150062,63.92
2025T1,PE,sexo,feminino,525,279002.01710849,34.08
2025T1,PE,sexo,masculino,1057,539741.65395962,65.92
2025T1,PI,sexo,feminino,377,120721.15169369,35.85
2025T1,PI,sexo,masculino,708,216040.44942957,64.15
2025T1,PR,sexo,feminino,823,342049.96492681,36.06
2025T1,PR,sexo,masculino,1490,606627.59847255,63.94
2025T1,RJ,sexo,feminino,1381,694330.05253043,41.66
2025T1,RJ,sexo,masculino,1939,972323.62226765,58.34
2025T1,RN,sexo,feminino,266,93762.59427125,30.27
2025T1,RN,sexo,masculino,619,215957.99951059,69.73
2025T1,RO,sexo,feminino,305,64601.60488835,28.98
2025T1,RO,sexo,masculino,769,158305.53572965,71.02
2025T1,RR,sexo,feminino,146,15849.4989413,28.83
2025T1,RR,sexo,masculino,388,39118.75781121,71.17
2025T1,RS,sexo,feminino,908,371821.20404764,38.19
2025T1,RS,sexo,masculino,1585,601854.23013278,61.81
2025T1,SC,sexo,feminino,1055,257690.60088414,41.1
2025T1,SC,sexo,masculino,1546,369232.17686153,58.9
2025T1,SE,sexo,feminino,282,76733.75841711,37.27
2025T1,SE,sexo,masculino,519,129133.94776051,62.73
2025T1,SP,sexo,feminino,1261,1507277.68471872,38.18
2025T1,SP,sexo,masculino,2127,2440752.36373252,61.82
2025T1,TO,sexo,feminino,214,43470.37810666,34.72
2025T1,TO,sexo,masculino,456,81747.38258805,65.28
2025T1,AC,faixa_etaria,adulto_25_49,388,37919.74326785,59.58
2025T1,AC,faixa_etaria,jovem_14_24,52,6060.35489989,9.52
2025T1,AC,faixa_etaria,maduro_50_mais,237,19662.31208424,30.89
2025T1,AL,faixa_etaria,adulto_25_49,835,153223.06742945,61.18
2025T1,AL,faixa_etaria,jovem_14_24,120,22687.302133,9.06
2025T1,AL,faixa_etaria,maduro_50_mais,497,74534.82377537,29.76
2025T1,AM,faixa_etaria,adulto_25_49,1051,298168.07130003,58.67
2025T1,AM,faixa_etaria,jovem_14_24,160,51043.62736381,10.04
2025T1,AM,faixa_etaria,maduro_50_mais,630,159033.83238541,31.29
2025T1,AP,faixa_etaria,adulto_25_49,291,55895.11857951,63.76
2025T1,AP,faixa_etaria,jovem_14_24,42,8099.01377505,9.24
2025T1,AP,faixa_etaria,maduro_50_mais,145,23665.53559022,27.0
2025T1,BA,faixa_etaria,adulto_25_49,1214,837250.01034968,54.16
2025T1,BA,faixa_etaria,jovem_14_24,152,112158.12320129,7.25
2025T1,BA,faixa_etaria,maduro_50_mais,1092,596613.51249053,38.59
2025T1,CE,faixa_etaria,adulto_25_49,1120,502739.92397883,55.73
2025T1,CE,faixa_etaria,jovem_14_24,128,64903.72764703,7.19
2025T1,CE,faixa_etaria,maduro_50_mais,905,334482.62989059,37.08
2025T1,DF,faixa_etaria,adulto_25_49,297,101761.53216311,52.45
2025T1,DF,faixa_etaria,jovem_14_24,62,22081.65668635,11.38
2025T1,DF,faixa_etaria,maduro_50_mais,230,70187.76794538,36.17
2025T1,ES,faixa_etaria,adulto_25_49,854,218264.16894085,59.91
2025T1,ES,faixa_etaria,jovem_14_24,95,26815.81615462,7.36
2025T1,ES,faixa_etaria,maduro_50_mais,624,119262.39429365,32.73
2025T1,GO,faixa_etaria,adulto_25_49,676,339458.42646588,56.47
2025T1,GO,faixa_etaria,jovem_14_24,85,43584.93812846,7.25
2025T1,GO,faixa_etaria,maduro_50_mais,615,218037.02398483,36.27
2025T1,MA,faixa_etaria,adulto_25_49,1976,464743.52793899,59.65
2025T1,MA,faixa_etaria,jovem_14_24,340,83259.19660553,10.69
2025T1,MA,faixa_etaria,maduro_50_mais,1231,231070.44897396,29.66
2025T1,MG,faixa_etaria,adulto_25_49,1696,1111574.71889614,56.1
2025T1,MG,faixa_etaria,jovem_14_24,288,210895.79489258002,10.64
2025T1,MG,faixa_etaria,maduro_50_mais,1470,658941.1211741,33.26
2025T1,MS,faixa_etaria,adulto_25_49,351,102914.86782319,52.6
2025T1,MS,faixa_etaria,jovem_14_24,59,17956.17369043,9.18
2025T1,MS,faixa_etaria,maduro_50_mais,368,74796.29436912,38.23
2025T1,MT,faixa_etaria,adulto_25_49,527,167280.7450844,52.72
2025T1,MT,faixa_etaria,jovem_14_24,100,35980.2732654,11.34
2025T1,MT,faixa_etaria,maduro_50_mais,538,114033.68721107,35.94
2025T1,PA,faixa_etaria,adulto_25_49,1172,601475.43799347,59.84
2025T1,PA,faixa_etaria,jovem_14_24,150,87173.68273769,8.67
2025T1,PA,faixa_etaria,maduro_50_mais,799,316490.15816489,31.49
2025T1,PB,faixa_etaria,adulto_25_49,672,222380.7156509,59.85
2025T1,PB,faixa_etaria,jovem_14_24,99,36413.12837135,9.8
2025T1,PB,faixa_etaria,maduro_50_mais,413,112747.86027181,30.35
2025T1,PE,faixa_etaria,adulto_25_49,881,485918.57460339,59.35
2025T1,PE,faixa_etaria,jovem_14_24,114,67896.67872917,8.29
2025T1,PE,faixa_etaria,maduro_50_mais,587,264928.41773555,32.36
2025T1,PI,faixa_etaria,adulto_25_49,562,189826.9718552,56.37
2025T1,PI,faixa_etaria,jovem_14_24,71,26251.48938298,7.8
2025T1,PI,faixa_etaria,maduro_50_mais,452,120683.13988508,35.84
2025T1,PR,faixa_etaria,adulto_25_49,1144,513828.36772773,54.16
2025T1,PR,faixa_etaria,jovem_14_24,199,92489.4969735,9.75
2025T1,PR,faixa_etaria,maduro_50_mais,970,342359.69869813,36.09
2025T1,RJ,faixa_etaria,adulto_25_49,1749,958046.80624722,57.48
2025T1,RJ,faixa_etaria,jovem_14_24,215,121366.14173211,7.28
2025T1,RJ,faixa_etaria,maduro_50_mais,1356,587240.72681875,35.23
2025T1,RN,faixa_etaria,adulto_25_49,498,185732.40817122,59.97
2025T1,RN,faixa_etaria,jovem_14_24,63,27010.21724673,8.72
2025T1,RN,faixa_etaria,maduro_50_mais,324,96977.96836389,31.31
2025T1,RO,faixa_etaria,adulto_25_49,555,126729.64238521,56.85
2025T1,RO,faixa_etaria,jovem_14_24,106,25364.46268779,11.38
2025T1,RO,faixa_etaria,maduro_50_mais,413,70813.035545,31.77
2025T1,RR,faixa_etaria,adulto_25_49,313,35494.47160594,64.57
2025T1,RR,faixa_etaria,jovem_14_24,43,4192.11517766,7.63
2025T1,RR,faixa_etaria,maduro_50_mais,178,15281.66996891,27.8
2025T1,RS,faixa_etaria,adulto_25_49,1137,501654.78604388,51.52
2025T1,RS,faixa_etaria,jovem_14_24,121,61085.81162472,6.27
2025T1,RS,faixa_etaria,maduro_50_mais,1235,410934.83651182,42.2
2025T1,SC,faixa_etaria,adulto_25_49,1363,352931.83896633,56.3
2025T1,SC,faixa_etaria,jovem_14_24,228,66014.86801723,10.53
2025T1,SC,faixa_etaria,maduro_50_mais,1010,207976.07076211,33.17
2025T1,SE,faixa_etaria,adulto_25_49,412,116628.79900887,56.65
2025T1,SE,faixa_etaria,jovem_14_24,60,18166.32753018,8.82
2025T1,SE,faixa_etaria,maduro_50_mais,329,71072.57963857,34.52
2025T1,SP,faixa_etaria,adulto_25_49,1703,2172074.89192511,55.02
2025T1,SP,faixa_etaria,jovem_14_24,263,354126.23103792,8.97
2025T1,SP,faixa_etaria,maduro_50_mais,1422,1421828.92548821,36.01
2025T1,TO,faixa_etaria,adulto_25_49,327,70545.73565562,56.34
2025T1,TO,faixa_etaria,jovem_14_24,40,10479.98956802,8.37
2025T1,TO,faixa_etaria,maduro_50_mais,303,44192.03547107,35.29
2025T1,AC,cor_raca,amarela,3,222.58156302,0.35
2025T1,AC,cor_raca,branca,102,8868.55423552,13.93
2025T1,AC,cor_raca,indigena,8,980.14205601,1.54
2025T1,AC,cor_raca,parda,495,46999.29118724,73.85
2025T1,AC,cor_raca,preta,69,6571.84121019,10.33
2025T1,AL,cor_raca,amarela,5,806.44874376,0.32
2025T1,AL,cor_raca,branca,332,59752.40959835,23.86
2025T1,AL,cor_raca,indigena,13,2271.44602393,0.91
2025T1,AL,cor_raca,parda,942,160418.06167189,64.05
2025T1,AL,cor_raca,preta,160,27196.82729989,10.86
2025T1,AM,cor_raca,amarela,6,1273.56846146,0.25
2025T1,AM,cor_raca,branca,198,57086.83458342,11.23
2025T1,AM,cor_raca,indigena,85,21389.68047261,4.21
2025T1,AM,cor_raca,parda,1441,397970.19473491,78.3
2025T1,AM,cor_raca,preta,111,30525.25279685,6.01
2025T1,AP,cor_raca,branca,76,14793.13135811,16.88
2025T1,AP,cor_raca,indigena,3,510.84039559,0.58
2025T1,AP,cor_raca,parda,319,57836.01572361,65.98
2025T1,AP,cor_raca,preta,80,14519.68046747,16.56
2025T1,BA,cor_raca,amarela,12,10255.769080959999,0.66
2025T1,BA,cor_raca,branca,386,233622.41286592,15.11
2025T1,BA,cor_raca,ignorada,1,267.27079834,0.02
2025T1,BA,cor_raca,indigena,20,11151.52292625,0.72
2025T1,BA,cor_raca,parda,1418,885260.28059433,57.26
2025T1,BA,cor_raca,preta,621,405464.3897757,26.23
2025T1,CE,cor_raca,amarela,10,4800.72639424,0.53
2025T1,CE,cor_raca,branca,525,212868.40994781,23.6
2025T1,CE,cor_raca,ignorada,1,194.02179516,0.02
2025T1,CE,cor_raca,indigena,13,5760.60130638,0.64
2025T1,CE,cor_raca,parda,1441,608537.35290727,67.46
2025T1,CE,cor_raca,preta,163,69965.16916559,7.76
2025T1,DF,cor_raca,amarela,3,788.3832553899999,0.41
2025T1,DF,cor_raca,branca,186,65052.18802678,33.53
2025T1,DF,cor_raca,indigena,5,1138.32469619,0.59
2025T1,DF,cor_raca,parda,321,103512.56077586,53.35
2025T1,DF,cor_raca,preta,74,23539.50004062,12.13
2025T1,ES,cor_raca,amarela,4,1309.97139217,0.36
2025T1,ES,cor_raca,branca,624,133861.55025337,36.74
2025T1,ES,cor_raca,ignorada,1,194.07026594,0.05
2025T1,ES,cor_raca,indigena,3,669.97964131,0.18
2025T1,ES,cor_raca,parda,756,179796.53635563,49.35
2025T1,ES,cor_raca,preta,185,48510.2714807,13.31
2025T1,GO,cor_raca,amarela,4,1232.6472458399999,0.21
2025T1,GO,cor_raca,branca,486,194730.99584777,32.4
2025T1,GO,cor_raca,indigena,1,626.0776235,0.1
2025T1,GO,cor_raca,parda,736,331757.12742244,55.19
2025T1,GO,cor_raca,preta,149,72733.54043962,12.1
2025T1,MA,cor_raca,amarela,17,4090.68278103,0.53
2025T1,MA,cor_raca,branca,523,123658.42490173,15.87
2025T1,MA,cor_raca,indigena,15,3093.25745679,0.4
2025T1,MA,cor_raca,parda,2490,530705.55081703,68.12
2025T1,MA,cor_raca,preta,502,117525.2575619,15.09
2025T1,MG,cor_raca,amarela,10,7384.3134007300005,0.37
2025T1,MG,cor_raca,branca,1420,781536.95203212,39.44
2025T1,MG,cor_raca,indigena,5,3849.47189295,0.19
2025T1,MG,cor_raca,parda,1626,966698.38494202,48.79
2025T1,MG,cor_raca,preta,393,221942.512695,11.2
2025T1,MS,cor_raca,amarela,7,1799.7825398300001,0.92
2025T1,MS,cor_raca,branca,294,71708.58073077,36.65
2025T1,MS,cor_raca,indigena,12,3373.21989489,1.72
2025T1,MS,cor_raca,parda,402,101358.23026228,51.8
2025T1,MS,cor_raca,preta,63,17427.52245497,8.91
2025T1,MT,cor_raca,amarela,5,1046.8460091,0.33
2025T1,MT,cor_raca,branca,311,81199.36211145,25.59
2025T1,MT,cor_raca,indigena,7,3481.4154177,1.1
2025T1,MT,cor_raca,parda,675,188290.59850955,59.34
2025T1,MT,cor_raca,preta,167,43276.48351307,13.64
2025T1,PA,cor_raca,amarela,8,4016.72001507,0.4
2025T1,PA,cor_raca,branca,319,150314.10127377,14.95
2025T1,PA,cor_raca,indigena,13,4910.3984684199995,0.49
2025T1,PA,cor_raca,parda,1514,727129.43105221,72.34
2025T1,PA,cor_raca,preta,267,118768.62808658,11.82
2025T1,PB,cor_raca,amarela,5,1817.53067113,0.49
2025T1,PB,cor_raca,branca,397,121712.28456259,32.76
2025T1,PB,cor_raca,indigena,6,1345.7139579700001,0.36
2025T1,PB,cor_raca,parda,694,221174.41533234,59.53
2025T1,PB,cor_raca,preta,82,25491.75977003,6.86
2025T1,PE,cor_raca,amarela,4,2340.12479512,0.29
2025T1,PE,cor_raca,branca,493,252813.34016714,30.88
2025T1,PE,cor_raca,ignorada,1,837.72169786,0.1
2025T1,PE,cor_raca,indigena,12,7331.10303198,0.9
2025T1,PE,cor_raca,parda,921,473403.77573466,57.82
2025T1,PE,cor_raca,preta,151,82017.60564135,10.02
2025T1,PI,cor_raca,amarela,2,758.5491878,0.23
2025T1,PI,cor_raca,branca,227,63413.88866202,18.83
2025T1,PI,cor_raca,indigena,6,2573.33438526,0.76
2025T1,PI,cor_raca,parda,710,222862.89427835,66.18
2025T1,PI,cor_raca,preta,140,47152.93460983,14.0
2025T1,PR,cor_raca,amarela,27,11868.79918645,1.25
2025T1,PR,cor_raca,branca,1504,588943.45977487,62.08
2025T1,PR,cor_raca,indigena,8,2301.70990522,0.24
2025T1,PR,cor_raca,parda,698,311540.80398833,32.84
2025T1,PR,cor_raca,preta,76,34022.79054449,3.59
2025T1,RJ,cor_raca,amarela,15,9614.74774377,0.58
2025T1,RJ,cor_raca,branca,1346,632194.58533676,37.93
2025T1,RJ,cor_raca,ignorada,1,250.95680098,0.02
2025T1,RJ,cor_raca,indigena,6,3362.52982314,0.2
2025T1,RJ,cor_raca,parda,1340,693862.66656184,41.63
2025T1,RJ,cor_raca,preta,612,327368.18853159,19.64
2025T1,RN,cor_raca,amarela,2,629.79482017,0.2
2025T1,RN,cor_raca,branca,310,102641.63202088,33.14
2025T1,RN,cor_raca,indigena,3,884.70494154,0.29
2025T1,RN,cor_raca,parda,468,169841.42113482,54.84
2025T1,RN,cor_raca,preta,102,35723.04086443,11.53
2025T1,RO,cor_raca,amarela,9,1609.1034874,0.72
2025T1,RO,cor_raca,branca,308,64331.15013855,28.86
2025T1,RO,cor_raca,indigena,9,1357.32333975,0.61
2025T1,RO,cor_raca,parda,660,136271.13292814,61.13
2025T1,RO,cor_raca,preta,88,19338.43072416,8.68
2025T1,RR,cor_raca,amarela,1,114.77904871,0.21
2025T1,RR,cor_raca,branca,102,11587.9670345,21.08
2025T1,RR,cor_raca,indigena,23,2032.13320654,3.7
2025T1,RR,cor_raca,parda,347,34753.71862562,63.23
2025T1,RR,cor_raca,preta,61,6479.65883714,11.79
2025T1,RS,cor_raca,amarela,1,792.49482852,0.08
2025T1,RS,cor_raca,branca,2053,774335.02699786,79.53
2025T1,RS,cor_raca,indigena,11,4897.07665355,0.5
2025T1,RS,cor_raca,parda,321,142009.02987212,14.58
2025T1,RS,cor_raca,preta,107,51641.80582837,5.3
2025T1,SC,cor_raca,amarela,10,3084.00699226,0.49
2025T1,SC,cor_raca,branca,2059,476311.85923112,75.98
2025T1,SC,cor_raca,indigena,11,3640.19779475,0.58
2025T1,SC,cor_raca,parda,438,116248.16307321,18.54
2025T1,SC,cor_raca,preta,83,27638.55065433,4.41
2025T1,SE,cor_raca,amarela,1,271.66713768,0.13
2025T1,SE,cor_raca,branca,181,46814.88554194,22.74
2025T1,SE,cor_raca,indigena,1,560.75064339,0.27
2025T1,SE,cor_raca,parda,506,127588.80854473,61.98
2025T1,SE,cor_raca,preta,112,30631.594309879998,14.88
2025T1,SP,cor_raca,amarela,56,61207.00129746,1.55
2025T1,SP,cor_raca,branca,1763,1982031.6536079,50.2
2025T1,SP,cor_raca,indigena,15,19639.70989327,0.5
2025T1,SP,cor_raca,parda,1244,1500836.46392501,38.01
2025T1,SP,cor_raca,preta,310,384315.2197276,9.73
2025T1,TO,cor_raca,amarela,5,1514.50425496,1.21
2025T1,TO,cor_raca,branca,138,24784.05532418,19.79
2025T1,TO,cor_raca,indigena,5,867.56315134,0.69
2025T1,TO,cor_raca,parda,422,78553.09889783,62.73
2025T1,TO,cor_raca,preta,100,19498.5390664,15.57
2025T1,AC,escolaridade,fundamental,297,24847.3092151,39.04
2025T1,AC,escolaridade,medio,245,25941.603483580002,40.76
2025T1,AC,escolaridade,sem_instrucao,63,5982.70827829,9.4
2025T1,AC,escolaridade,superior,72,6870.78927501,10.8
2025T1,AL,escolaridade,fundamental,683,108567.62339045,43.35
2025T1,AL,escolaridade,medio,512,95840.10983048,38.27
2025T1,AL,escolaridade,sem_instrucao,116,17953.3718791,7.17
2025T1,AL,escolaridade,superior,141,28084.08823779,11.21
2025T1,AM,escolaridade,fundamental,756,179660.77439521,35.35
2025T1,AM,escolaridade,medio,771,241006.26350819,47.42
2025T1,AM,escolaridade,sem_instrucao,164,33162.51901662,6.52
2025T1,AM,escolaridade,superior,150,54415.97412923,10.71
2025T1,AP,escolaridade,fundamental,190,34713.49956586,39.6
2025T1,AP,escolaridade,medio,181,34507.00133272,39.36
2025T1,AP,escolaridade,sem_instrucao,45,8018.96371167,9.15
2025T1,AP,escolaridade,superior,62,10420.20333453,11.89
2025T1,BA,escolaridade,fundamental,1127,607899.28388887,39.32
2025T1,BA,escolaridade,medio,908,671595.3444528,43.44
2025T1,BA,escolaridade,sem_instrucao,249,121329.96990179,7.85
2025T1,BA,escolaridade,superior,174,145197.04779804,9.39
2025T1,CE,escolaridade,fundamental,971,367594.06405844,40.75
2025T1,CE,escolaridade,medio,811,382131.49066111,42.36
2025T1,CE,escolaridade,sem_instrucao,183,63888.20024955,7.08
2025T1,CE,escolaridade,superior,188,88512.52654735,9.81
2025T1,DF,escolaridade,fundamental,164,51042.341094510004,26.31
2025T1,DF,escolaridade,medio,266,86241.69110555,44.45
2025T1,DF,escolaridade,sem_instrucao,17,5558.24291732,2.86
2025T1,DF,escolaridade,superior,142,51188.68167746,26.38
2025T1,ES,escolaridade,fundamental,700,142916.6896074,39.23
2025T1,ES,escolaridade,medio,614,154938.02609277,42.53
2025T1,ES,escolaridade,sem_instrucao,41,8509.41163553,2.34
2025T1,ES,escolaridade,superior,218,57978.25205342,15.91
2025T1,GO,escolaridade,fundamental,573,222755.66549945,37.06
2025T1,GO,escolaridade,medio,555,262478.93629531,43.67
2025T1,GO,escolaridade,sem_instrucao,50,20044.45936696,3.33
2025T1,GO,escolaridade,superior,198,95801.32741745,15.94
2025T1,MA,escolaridade,fundamental,1668,315469.30755087,40.49
2025T1,MA,escolaridade,medio,1313,337652.21584249,43.34
2025T1,MA,escolaridade,sem_instrucao,337,52856.62426484,6.78
2025T1,MA,escolaridade,superior,229,73095.02586028,9.38
2025T1,MG,escolaridade,fundamental,1688,822844.07122833,41.53
2025T1,MG,escolaridade,medio,1301,862465.41087566,43.53
2025T1,MG,escolaridade,sem_instrucao,71,28549.59234609,1.44
2025T1,MG,escolaridade,superior,394,267552.56051274,13.5
2025T1,MS,escolaridade,fundamental,354,79019.07904799,40.38
2025T1,MS,escolaridade,medio,283,77817.81418741,39.77
2025T1,MS,escolaridade,sem_instrucao,33,6891.70712906,3.52
2025T1,MS,escolaridade,superior,108,31938.73551828,16.32
2025T1,MT,escolaridade,fundamental,503,120706.9932096,38.04
2025T1,MT,escolaridade,medio,448,138300.17859914,43.59
2025T1,MT,escolaridade,sem_instrucao,51,8153.37329593,2.57
2025T1,MT,escolaridade,superior,163,50134.1604562,15.8
2025T1,PA,escolaridade,fundamental,1032,451477.75710031,44.92
2025T1,PA,escolaridade,medio,801,409759.25833855,40.77
2025T1,PA,escolaridade,sem_instrucao,127,53314.43213366,5.3
2025T1,PA,escolaridade,superior,161,90587.83132353,9.01
2025T1,PB,escolaridade,fundamental,571,169227.59495998,45.55
2025T1,PB,escolaridade,medio,410,141459.00815285,38.07
2025T1,PB,escolaridade,sem_instrucao,94,26275.94827286,7.07
2025T1,PB,escolaridade,superior,109,34579.15290837,9.31
2025T1,PE,escolaridade,fundamental,745,345097.81118832,42.15
2025T1,PE,escolaridade,medio,603,342120.76779083,41.79
2025T1,PE,escolaridade,sem_instrucao,66,27095.55060753,3.31
2025T1,PE,escolaridade,superior,168,104429.54148143,12.75
2025T1,PI,escolaridade,fundamental,542,163434.37421106,48.53
2025T1,PI,escolaridade,medio,361,119752.32286467,35.56
2025T1,PI,escolaridade,sem_instrucao,69,18071.79881131,5.37
2025T1,PI,escolaridade,superior,113,35503.10523622,10.54
2025T1,PR,escolaridade,fundamental,1011,355558.83859673,37.48
2025T1,PR,escolaridade,medio,937,417986.43419845,44.06
2025T1,PR,escolaridade,sem_instrucao,29,12531.87354376,1.32
2025T1,PR,escolaridade,superior,336,162600.41706042,17.14
2025T1,RJ,escolaridade,fundamental,1064,485263.1529054,29.12
2025T1,RJ,escolaridade,medio,1586,835333.11200573,50.12
2025T1,RJ,escolaridade,sem_instrucao,66,28657.23230667,1.72
2025T1,RJ,escolaridade,superior,604,317400.17758028,19.04
2025T1,RN,escolaridade,fundamental,407,134035.98576912,43.28
2025T1,RN,escolaridade,medio,332,124353.34888634,40.15
2025T1,RN,escolaridade,sem_instrucao,43,14983.16140973,4.84
2025T1,RN,escolaridade,superior,103,36348.09771665,11.74
2025T1,RO,escolaridade,fundamental,569,106572.88340397,47.81
2025T1,RO,escolaridade,medio,378,87837.34213916,39.41
2025T1,RO,escolaridade,sem_instrucao,39,5923.48784581,2.66
2025T1,RO,escolaridade,superior,88,22573.42722906,10.13
2025T1,RR,escolaridade,fundamental,204,17437.96532558,31.72
2025T1,RR,escolaridade,medio,232,26342.24313468,47.92
2025T1,RR,escolaridade,sem_instrucao,18,1546.37124563,2.81
2025T1,RR,escolaridade,superior,80,9641.67704662,17.54
2025T1,RS,escolaridade,fundamental,1225,408818.74458175,41.99
2025T1,RS,escolaridade,medio,866,384458.39608998003,39.49
2025T1,RS,escolaridade,sem_instrucao,33,9386.05599118,0.96
2025T1,RS,escolaridade,superior,369,171012.23751751,17.56
2025T1,SC,escolaridade,fundamental,1150,244263.17245523,38.96
2025T1,SC,escolaridade,medio,1027,266400.30128756,42.49
2025T1,SC,escolaridade,sem_instrucao,60,15599.89448811,2.49
2025T1,SC,escolaridade,superior,364,100659.40951477,16.06
2025T1,SE,escolaridade,fundamental,385,87795.92416474,42.65
2025T1,SE,escolaridade,medio,297,88068.01147588,42.78
2025T1,SE,escolaridade,sem_instrucao,51,9251.60423484,4.49
2025T1,SE,escolaridade,superior,68,20752.16630216,10.08
2025T1,SP,escolaridade,fundamental,1084,1045380.77403965,26.48
2025T1,SP,escolaridade,medio,1613,2015467.50770573,51.05
2025T1,SP,escolaridade,sem_instrucao,80,94185.82900724,2.39
2025T1,SP,escolaridade,superior,611,792995.93769862,20.09
2025T1,TO,escolaridade,fundamental,292,48020.55769182,38.35
2025T1,TO,escolaridade,medio,249,51738.22115724,41.32
2025T1,TO,escolaridade,sem_instrucao,54,7998.37168047,6.39
2025T1,TO,escolaridade,superior,75,17460.61016518,13.94
2025T2,AC,sexo,feminino,182,16541.32290779,27.15
2025T2,AC,sexo,masculino,501,44390.99555646,72.85
2025T2,AL,sexo,feminino,487,87354.47146436,33.18
2025T2,AL,sexo,masculino,1082,175925.16039323,66.82
2025T2,AM,sexo,feminino,519,158678.50678939,31.02
2025T2,AM,sexo,masculino,1377,352788.73604319,68.98
2025T2,AP,sexo,feminino,161,27824.11828154,32.07
2025T2,AP,sexo,masculino,322,58934.43683054,67.93
2025T2,BA,sexo,feminino,806,550348.08851744,34.5
2025T2,BA,sexo,masculino,1743,1045067.39903587,65.5
2025T2,CE,sexo,feminino,793,327647.59033079,35.6
2025T2,CE,sexo,masculino,1447,592694.74093576,64.4
2025T2,DF,sexo,feminino,225,74213.84035546,39.44
2025T2,DF,sexo,masculino,339,113947.12987535,60.56
2025T2,ES,sexo,feminino,570,133801.79517445,36.38
2025T2,ES,sexo,masculino,1048,233955.23356011,63.62
2025T2,GO,sexo,feminino,505,238177.86008018,38.27
2025T2,GO,sexo,masculino,906,384115.81509447,61.73
2025T2,MA,sexo,feminino,1104,244582.03904864,31.55
2025T2,MA,sexo,masculino,2444,530746.58800978,68.45
2025T2,MG,sexo,feminino,1132,679782.91735661,33.83
2025T2,MG,sexo,masculino,2450,1329711.85212579,66.17
2025T2,MS,sexo,feminino,288,75842.79343098,37.8
2025T2,MS,sexo,masculino,472,124809.71217132,62.2
2025T2,MT,sexo,feminino,377,104657.14028764,34.6
2025T2,MT,sexo,masculino,768,197858.75934768,65.4
2025T2,PA,sexo,feminino,706,337525.90248149,33.74
2025T2,PA,sexo,masculino,1524,662990.61441223,66.26
2025T2,PB,sexo,feminino,378,124979.6115605,36.09
2025T2,PB,sexo,masculino,706,221299.04398947,63.91
2025T2,PE,sexo,feminino,544,301267.85948206,37.37
2025T2,PE,sexo,masculino,982,504948.97321879,62.63
2025T2,PI,sexo,feminino,339,107660.82554422,31.6
2025T2,PI,sexo,masculino,776,233065.25883518,68.4
2025T2,PR,sexo,feminino,874,372872.06642599,37.58
2025T2,PR,sexo,masculino,1514,619263.10368239,62.42
2025T2,RJ,sexo,feminino,1391,699455.7928221,41.51
2025T2,RJ,sexo,masculino,1910,985584.35034557,58.49
2025T2,RN,sexo,feminino,290,113268.23676314,34.7
2025T2,RN,sexo,masculino,601,213146.51009262,65.3
2025T2,RO,sexo,feminino,318,73107.82829704,33.28
2025T2,RO,sexo,masculino,727,146573.6122595,66.72
2025T2,RR,sexo,feminino,165,18285.08060136,30.32
2025T2,RR,sexo,masculino,417,42023.93692512,69.68
2025T2,RS,sexo,feminino,818,323566.80553346,35.17
2025T2,RS,sexo,masculino,1579,596369.96892736,64.83
2025T2,SC,sexo,feminino,1076,271173.75237165,43.8
2025T2,SC,sexo,masculino,1472,347961.43094574,56.2
2025T2,SE,sexo,feminino,285,72696.8564145,36.06
2025T2,SE,sexo,masculino,528,128926.59889263,63.94
2025T2,SP,sexo,feminino,1259,1487780.73781737,38.08
2025T2,SP,sexo,masculino,2088,2419428.27290752,61.92
2025T2,TO,sexo,feminino,208,43252.4813204,35.07
2025T2,TO,sexo,masculino,450,80092.42384078,64.93
2025T2,AC,faixa_etaria,adulto_25_49,388,37051.5456765,60.81
2025T2,AC,faixa_etaria,jovem_14_24,48,4889.08520857,8.02
2025T2,AC,faixa_etaria,maduro_50_mais,247,18991.68757918,31.17
2025T2,AL,faixa_etaria,adulto_25_49,921,163167.24091819,61.97
2025T2,AL,faixa_etaria,jovem_14_24,135,24590.2495632,9.34
2025T2,AL,faixa_etaria,maduro_50_mais,513,75522.1413762,28.69
2025T2,AM,faixa_etaria,adulto_25_49,1090,308347.42652021,60.29
2025T2,AM,faixa_etaria,jovem_14_24,151,42753.1458867,8.36
2025T2,AM,faixa_etaria,maduro_50_mais,655,160366.67042567,31.35
2025T2,AP,faixa_etaria,adulto_25_49,283,52042.43294252,59.99
2025T2,AP,faixa_etaria,jovem_14_24,46,9385.27279648,10.82
2025T2,AP,faixa_etaria,maduro_50_mais,154,25330.84937308,29.2
2025T2,BA,faixa_etaria,adulto_25_49,1231,835254.27716451,52.35
2025T2,BA,faixa_etaria,jovem_14_24,177,130227.46338686,8.16
2025T2,BA,faixa_etaria,maduro_50_mais,1141,629933.74700194,39.48
2025T2,CE,faixa_etaria,adulto_25_49,1166,523028.78198052,56.83
2025T2,CE,faixa_etaria,jovem_14_24,156,70970.44407192,7.71
2025T2,CE,faixa_etaria,maduro_50_mais,918,326343.10521411,35.46
2025T2,DF,faixa_etaria,adulto_25_49,314,110172.67046718,58.55
2025T2,DF,faixa_etaria,jovem_14_24,55,19606.80286369,10.42
2025T2,DF,faixa_etaria,maduro_50_mais,195,58381.49689994,31.03
2025T2,ES,faixa_etaria,adulto_25_49,814,207192.09169043,56.34
2025T2,ES,faixa_etaria,jovem_14_24,117,30487.52626592,8.29
2025T2,ES,faixa_etaria,maduro_50_mais,687,130077.41077821,35.37
2025T2,GO,faixa_etaria,adulto_25_49,694,343643.39631619,55.22
2025T2,GO,faixa_etaria,jovem_14_24,97,47157.37392713,7.58
2025T2,GO,faixa_etaria,maduro_50_mais,620,231492.90493133,37.2
2025T2,MA,faixa_etaria,adulto_25_49,1995,457075.45587681,58.95
2025T2,MA,faixa_etaria,jovem_14_24,345,86608.16997529,11.17
2025T2,MA,faixa_etaria,maduro_50_mais,1208,231645.00120632,29.88
2025T2,MG,faixa_etaria,adulto_25_49,1737,1105144.84966182,55.0
2025T2,MG,faixa_etaria,jovem_14_24,269,203783.98643151,10.14
2025T2,MG,faixa_etaria,maduro_50_mais,1576,700565.93338907,34.86
2025T2,MS,faixa_etaria,adulto_25_49,338,104214.5983035,51.94
2025T2,MS,faixa_etaria,jovem_14_24,45,15097.96143951,7.52
2025T2,MS,faixa_etaria,maduro_50_mais,377,81339.94585929,40.54
2025T2,MT,faixa_etaria,adulto_25_49,527,168152.61650059,55.58
2025T2,MT,faixa_etaria,jovem_14_24,96,26373.98006212,8.72
2025T2,MT,faixa_etaria,maduro_50_mais,522,107989.30307261,35.7
2025T2,PA,faixa_etaria,adulto_25_49,1231,601106.337019,60.08
2025T2,PA,faixa_etaria,jovem_14_24,161,85746.57628808,8.57
2025T2,PA,faixa_etaria,maduro_50_mais,838,313663.60358664,31.35
2025T2,PB,faixa_etaria,adulto_25_49,596,201279.58358436,58.13
2025T2,PB,faixa_etaria,jovem_14_24,78,32153.62767156,9.29
2025T2,PB,faixa_etaria,maduro_50_mais,410,112845.44429405,32.59
2025T2,PE,faixa_etaria,adulto_25_49,860,485438.41125297,60.21
2025T2,PE,faixa_etaria,jovem_14_24,122,71707.36549067,8.89
2025T2,PE,faixa_etaria,maduro_50_mais,544,249071.05595721,30.89
2025T2,PI,faixa_etaria,adulto_25_49,583,193174.97583503,56.7
2025T2,PI,faixa_etaria,jovem_14_24,64,22242.7013863,6.53
2025T2,PI,faixa_etaria,maduro_50_mais,468,125308.40715807,36.78
2025T2,PR,faixa_etaria,adulto_25_49,1215,547866.70366758,55.22
2025T2,PR,faixa_etaria,jovem_14_24,184,96214.36695097,9.7
2025T2,PR,faixa_etaria,maduro_50_mais,989,348054.09948983,35.08
2025T2,RJ,faixa_etaria,adulto_25_49,1720,950714.47728228,56.42
2025T2,RJ,faixa_etaria,jovem_14_24,225,124681.33895957,7.4
2025T2,RJ,faixa_etaria,maduro_50_mais,1356,609644.32692582,36.18
2025T2,RN,faixa_etaria,adulto_25_49,508,197635.33932885,60.55
2025T2,RN,faixa_etaria,jovem_14_24,68,31560.77254934,9.67
2025T2,RN,faixa_etaria,maduro_50_mais,315,97218.63497757,29.78
2025T2,RO,faixa_etaria,adulto_25_49,536,122890.59156113,55.94
2025T2,RO,faixa_etaria,jovem_14_24,105,27152.992693430002,12.36
2025T2,RO,faixa_etaria,maduro_50_mais,404,69637.85630198,31.7
2025T2,RR,faixa_etaria,adulto_25_49,345,38432.64303454,63.73
2025T2,RR,faixa_etaria,jovem_14_24,49,5449.73063722,9.04
2025T2,RR,faixa_etaria,maduro_50_mais,188,16426.64385472,27.24
2025T2,RS,faixa_etaria,adulto_25_49,1076,465281.52170096,50.58
2025T2,RS,faixa_etaria,jovem_14_24,125,55666.48493275,6.05
2025T2,RS,faixa_etaria,maduro_50_mais,1196,398988.76782711,43.37
2025T2,SC,faixa_etaria,adulto_25_49,1376,360622.12381378,58.25
2025T2,SC,faixa_etaria,jovem_14_24,220,60956.34555428,9.85
2025T2,SC,faixa_etaria,maduro_50_mais,952,197556.71394933,31.91
2025T2,SE,faixa_etaria,adulto_25_49,420,114164.81872217,56.62
2025T2,SE,faixa_etaria,jovem_14_24,53,16359.75263619,8.11
2025T2,SE,faixa_etaria,maduro_50_mais,340,71098.88394877,35.26
2025T2,SP,faixa_etaria,adulto_25_49,1661,2152955.39027282,55.1
2025T2,SP,faixa_etaria,jovem_14_24,297,413232.60235715,10.58
2025T2,SP,faixa_etaria,maduro_50_mais,1389,1341021.01809492,34.32
2025T2,TO,faixa_etaria,adulto_25_49,307,65145.01329331,52.82
2025T2,TO,faixa_etaria,jovem_14_24,44,12762.61747609,10.35
2025T2,TO,faixa_etaria,maduro_50_mais,307,45437.274391779996,36.84
2025T2,AC,cor_raca,amarela,1,72.74429131,0.12
2025T2,AC,cor_raca,branca,101,8739.33947922,14.34
2025T2,AC,cor_raca,indigena,7,803.89563917,1.32
2025T2,AC,cor_raca,parda,514,46324.33061617,76.03
2025T2,AC,cor_raca,preta,60,4992.00843838,8.19
2025T2,AL,cor_raca,amarela,2,337.42928429,0.13
2025T2,AL,cor_raca,branca,376,62362.17106032,23.69
2025T2,AL,cor_raca,indigena,11,1488.9393334000001,0.57
2025T2,AL,cor_raca,parda,1014,172519.14975489,65.53
2025T2,AL,cor_raca,preta,166,26571.942424689998,10.09
2025T2,AM,cor_raca,amarela,5,1252.63903145,0.24
2025T2,AM,cor_raca,branca,213,59957.91695845,11.72
2025T2,AM,cor_raca,indigena,93,22216.41707479,4.34
2025T2,AM,cor_raca,parda,1459,394488.55468307,77.13
2025T2,AM,cor_raca,preta,126,33551.715084819996,6.56
2025T2,AP,cor_raca,branca,83,16629.9873034,19.17
2025T2,AP,cor_raca,indigena,2,350.86575975,0.4
2025T2,AP,cor_raca,parda,326,57891.12276434,66.73
2025T2,AP,cor_raca,preta,72,11886.57928459,13.7
2025T2,BA,cor_raca,amarela,13,10725.93516311,0.67
2025T2,BA,cor_raca,branca,415,257294.12917297,16.13
2025T2,BA,cor_raca,indigena,22,13387.94781555,0.84
2025T2,BA,cor_raca,parda,1472,892806.01787367,55.96
2025T2,BA,cor_raca,preta,627,421201.45752801,26.4
2025T2,CE,cor_raca,amarela,11,4594.40516805,0.5
2025T2,CE,cor_raca,branca,566,235080.27403943,25.54
2025T2,CE,cor_raca,indigena,13,6954.66740216,0.76
2025T2,CE,cor_raca,parda,1461,597030.23377119,64.87
2025T2,CE,cor_raca,preta,189,76682.75088572,8.33
2025T2,DF,cor_raca,amarela,4,1268.45553536,0.67
2025T2,DF,cor_raca,branca,175,60750.69013079,32.29
2025T2,DF,cor_raca,indigena,3,501.02741722999997,0.27
2025T2,DF,cor_raca,parda,312,103898.22133281,55.22
2025T2,DF,cor_raca,preta,70,21742.57581462,11.56
2025T2,ES,cor_raca,amarela,1,356.15318999,0.1
2025T2,ES,cor_raca,branca,654,136883.6736875,37.22
2025T2,ES,cor_raca,indigena,1,225.62699902,0.06
2025T2,ES,cor_raca,parda,764,181216.31004711,49.28
2025T2,ES,cor_raca,preta,198,49075.26481094,13.34
2025T2,GO,cor_raca,amarela,4,1196.52624959,0.19
2025T2,GO,cor_raca,branca,488,199150.00416552,32.0
2025T2,GO,cor_raca,indigena,3,1561.04565444,0.25
2025T2,GO,cor_raca,parda,768,348947.20219615,56.07
2025T2,GO,cor_raca,preta,148,71438.89690895,11.48
2025T2,MA,cor_raca,amarela,12,3321.3591888299998,0.43
2025T2,MA,cor_raca,branca,562,133776.89611288,17.25
2025T2,MA,cor_raca,indigena,15,4151.86145512,0.54
2025T2,MA,cor_raca,parda,2444,520491.23289074,67.13
2025T2,MA,cor_raca,preta,515,113587.27741085,14.65
2025T2,MG,cor_raca,amarela,11,7239.72613562,0.36
2025T2,MG,cor_raca,branca,1498,780193.39759347,38.83
2025T2,MG,cor_raca,indigena,5,3827.83940146,0.19
2025T2,MG,cor_raca,parda,1653,972800.79871635,48.41
2025T2,MG,cor_raca,preta,415,245433.0076355,12.21
2025T2,MS,cor_raca,amarela,7,1676.43698015,0.84
2025T2,MS,cor_raca,branca,317,79388.76677,39.57
2025T2,MS,cor_raca,indigena,15,5025.86795997,2.5
2025T2,MS,cor_raca,parda,375,102796.15650052,51.23
2025T2,MS,cor_raca,preta,46,11765.27739166,5.86
2025T2,MT,cor_raca,amarela,4,1577.18869357,0.52
2025T2,MT,cor_raca,branca,314,77727.25852448,25.69
2025T2,MT,cor_raca,indigena,6,1386.50177355,0.46
2025T2,MT,cor_raca,parda,671,181995.49203571,60.16
2025T2,MT,cor_raca,preta,150,39829.45860801,13.17
2025T2,PA,cor_raca,amarela,10,4522.69048512,0.45
2025T2,PA,cor_raca,branca,332,144625.48093258,14.46
2025T2,PA,cor_raca,indigena,8,2571.96032173,0.26
2025T2,PA,cor_raca,parda,1605,728190.9468687,72.78
2025T2,PA,cor_raca,preta,275,120605.43828559,12.05
2025T2,PB,cor_raca,amarela,3,1667.27512297,0.48
2025T2,PB,cor_raca,branca,362,110411.41866058,31.89
2025T2,PB,cor_raca,indigena,6,1741.4700482,0.5
2025T2,PB,cor_raca,parda,634,208091.19492985,60.09
2025T2,PB,cor_raca,preta,79,24367.29678837,7.04
2025T2,PE,cor_raca,amarela,3,669.32261372,0.08
2025T2,PE,cor_raca,branca,498,270353.98512811,33.53
2025T2,PE,cor_raca,indigena,14,8916.66749753,1.11
2025T2,PE,cor_raca,parda,856,440446.52260417,54.63
2025T2,PE,cor_raca,preta,155,85830.33485732,10.65
2025T2,PI,cor_raca,branca,212,62241.27153837,18.27
2025T2,PI,cor_raca,indigena,3,417.45439596,0.12
2025T2,PI,cor_raca,parda,759,232797.10963121,68.32
2025T2,PI,cor_raca,preta,141,45270.24881386,13.29
2025T2,PR,cor_raca,amarela,22,11534.68030271,1.16
2025T2,PR,cor_raca,branca,1571,632204.66529528,63.72
2025T2,PR,cor_raca,indigena,4,1149.41868425,0.12
2025T2,PR,cor_raca,parda,709,308196.1713735,31.06
2025T2,PR,cor_raca,preta,82,39050.23445264,3.94
2025T2,RJ,cor_raca,amarela,17,9224.00996372,0.55
2025T2,RJ,cor_raca,branca,1326,645843.24361006,38.33
2025T2,RJ,cor_raca,indigena,7,16662.80069262,0.99
2025T2,RJ,cor_raca,parda,1349,710608.69751258,42.17
2025T2,RJ,cor_raca,preta,602,302701.39138869,17.96
2025T2,RN,cor_raca,amarela,2,665.00938335,0.2
2025T2,RN,cor_raca,branca,313,113184.49703306,34.68
2025T2,RN,cor_raca,indigena,3,765.1926911,0.23
2025T2,RN,cor_raca,parda,473,173230.88617077,53.07
2025T2,RN,cor_raca,preta,100,38569.16157748,11.82
2025T2,RO,cor_raca,amarela,7,1431.29090109,0.65
2025T2,RO,cor_raca,branca,296,60477.17527903,27.53
2025T2,RO,cor_raca,indigena,9,1588.52657634,0.72
2025T2,RO,cor_raca,parda,628,133184.32263404,60.63
2025T2,RO,cor_raca,preta,105,23000.12516604,10.47
2025T2,RR,cor_raca,amarela,1,373.61795024,0.62
2025T2,RR,cor_raca,branca,122,13013.27817171,21.58
2025T2,RR,cor_raca,indigena,28,2385.02232494,3.95
2025T2,RR,cor_raca,parda,375,38764.85639834,64.28
2025T2,RR,cor_raca,preta,56,5772.24268125,9.57
2025T2,RS,cor_raca,amarela,2,411.32313961,0.04
2025T2,RS,cor_raca,branca,1979,739004.88520209,80.33
2025T2,RS,cor_raca,indigena,8,3510.7399027,0.38
2025T2,RS,cor_raca,parda,290,123686.36134357,13.45
2025T2,RS,cor_raca,preta,118,53323.46487285,5.8
2025T2,SC,cor_raca,amarela,6,2160.31218949,0.35
2025T2,SC,cor_raca,branca,2065,486417.49955069,78.56
2025T2,SC,cor_raca,indigena,6,1849.6670941,0.3
2025T2,SC,cor_raca,parda,401,108399.62713215,17.51
2025T2,SC,cor_raca,preta,70,20308.07735096,3.28
2025T2,SE,cor_raca,branca,184,48347.10881837,23.98
2025T2,SE,cor_raca,indigena,1,551.30878426,0.27
2025T2,SE,cor_raca,parda,509,122261.23631078,60.64
2025T2,SE,cor_raca,preta,119,30463.80139372,15.11
2025T2,SP,cor_raca,amarela,63,66733.56803206,1.71
2025T2,SP,cor_raca,branca,1743,1924563.33538757,49.26
2025T2,SP,cor_raca,ignorada,1,1371.74976366,0.04
2025T2,SP,cor_raca,indigena,13,20518.40339603,0.53
2025T2,SP,cor_raca,parda,1236,1523465.92437411,38.99
2025T2,SP,cor_raca,preta,291,370556.02977146,9.48
2025T2,TO,cor_raca,amarela,1,303.27790382,0.25
2025T2,TO,cor_raca,branca,118,20973.17496752,17.0
2025T2,TO,cor_raca,indigena,5,1292.16309708,1.05
2025T2,TO,cor_raca,parda,418,75839.07378548,61.49
2025T2,TO,cor_raca,preta,116,24937.21540728,20.22
2025T2,AC,escolaridade,fundamental,301,25382.38173617,41.66
2025T2,AC,escolaridade,medio,240,22914.20830046,37.61
2025T2,AC,escolaridade,sem_instrucao,73,5946.57879948,9.76
2025T2,AC,escolaridade,superior,69,6689.14962814,10.98
2025T2,AL,escolaridade,fundamental,752,117072.81857751,44.47
2025T2,AL,escolaridade,medio,543,99135.39814172,37.65
2025T2,AL,escolaridade,sem_instrucao,113,15723.68351636,5.97
2025T2,AL,escolaridade,superior,161,31347.731622,11.91
2025T2,AM,escolaridade,fundamental,798,188635.6456867,36.88
2025T2,AM,escolaridade,medio,784,230952.8870569,45.15
2025T2,AM,escolaridade,sem_instrucao,143,28966.23923631,5.66
2025T2,AM,escolaridade,superior,171,62912.47085267,12.3
2025T2,AP,escolaridade,fundamental,190,33601.54825257,38.73
2025T2,AP,escolaridade,medio,197,36829.35028499,42.45
2025T2,AP,escolaridade,sem_instrucao,30,5441.17684911,6.27
2025T2,AP,escolaridade,superior,66,10886.47972541,12.55
2025T2,BA,escolaridade,fundamental,1206,663330.5641273,41.58
2025T2,BA,escolaridade,medio,927,671173.4432673,42.07
2025T2,BA,escolaridade,sem_instrucao,218,101773.83905535,6.38
2025T2,BA,escolaridade,superior,198,159137.64110336002,9.97
2025T2,CE,escolaridade,fundamental,955,355923.97893988,38.67
2025T2,CE,escolaridade,medio,872,395594.14371488,42.98
2025T2,CE,escolaridade,sem_instrucao,190,61115.65903485,6.64
2025T2,CE,escolaridade,superior,223,107708.54957694,11.7
2025T2,DF,escolaridade,fundamental,182,55589.94052144,29.54
2025T2,DF,escolaridade,medio,227,77189.34314779,41.02
2025T2,DF,escolaridade,sem_instrucao,13,3444.00788249,1.83
2025T2,DF,escolaridade,superior,142,51937.67867909,27.6
2025T2,ES,escolaridade,fundamental,756,153941.01999722,41.86
2025T2,ES,escolaridade,medio,596,148830.7271902,40.47
2025T2,ES,escolaridade,sem_instrucao,51,10713.6816312,2.91
2025T2,ES,escolaridade,superior,215,54271.59991594,14.76
2025T2,GO,escolaridade,fundamental,550,211754.73072976,34.03
2025T2,GO,escolaridade,medio,599,283283.70341884,45.52
2025T2,GO,escolaridade,sem_instrucao,47,19714.20993755,3.17
2025T2,GO,escolaridade,superior,215,107541.03108849999,17.28
2025T2,MA,escolaridade,fundamental,1654,321221.58916486,41.43
2025T2,MA,escolaridade,medio,1385,339477.03131691,43.78
2025T2,MA,escolaridade,sem_instrucao,300,50849.53648289,6.56
2025T2,MA,escolaridade,superior,209,63780.47009376,8.23
2025T2,MG,escolaridade,fundamental,1791,845835.81702759,42.09
2025T2,MG,escolaridade,medio,1312,858897.8091317,42.74
2025T2,MG,escolaridade,sem_instrucao,73,30334.17883211,1.51
2025T2,MG,escolaridade,superior,406,274426.964491,13.66
2025T2,MS,escolaridade,fundamental,344,80289.47396116,40.01
2025T2,MS,escolaridade,medio,254,75910.65104129,37.83
2025T2,MS,escolaridade,sem_instrucao,33,6994.90069018,3.49
2025T2,MS,escolaridade,superior,129,37457.47990967,18.67
2025T2,MT,escolaridade,fundamental,525,118424.15781033,39.15
2025T2,MT,escolaridade,medio,425,128669.59842403,42.53
2025T2,MT,escolaridade,sem_instrucao,46,8028.68731954,2.65
2025T2,MT,escolaridade,superior,149,47393.45608142,15.67
2025T2,PA,escolaridade,fundamental,1166,472335.36889171,47.21
2025T2,PA,escolaridade,medio,752,377487.2206067,37.73
2025T2,PA,escolaridade,sem_instrucao,143,63494.52959107,6.35
2025T2,PA,escolaridade,superior,169,87199.39780424,8.72
2025T2,PB,escolaridade,fundamental,505,150398.70160526,43.43
2025T2,PB,escolaridade,medio,381,132252.95334111,38.19
2025T2,PB,escolaridade,sem_instrucao,96,28399.92744875,8.2
2025T2,PB,escolaridade,superior,102,35227.07315485,10.17
2025T2,PE,escolaridade,fundamental,650,304912.41734205,37.82
2025T2,PE,escolaridade,medio,633,361993.62672409,44.9
2025T2,PE,escolaridade,sem_instrucao,65,27474.76540984,3.41
2025T2,PE,escolaridade,superior,178,111836.02322487,13.87
2025T2,PI,escolaridade,fundamental,548,157888.35536752,46.34
2025T2,PI,escolaridade,medio,368,123981.21610982,36.39
2025T2,PI,escolaridade,sem_instrucao,85,21466.87943005,6.3
2025T2,PI,escolaridade,superior,114,37389.63347201,10.97
2025T2,PR,escolaridade,fundamental,1013,361199.94078948,36.41
2025T2,PR,escolaridade,medio,980,445184.439371,44.87
2025T2,PR,escolaridade,sem_instrucao,53,23703.4871726,2.39
2025T2,PR,escolaridade,superior,342,162047.3027753,16.33
2025T2,RJ,escolaridade,fundamental,1070,496421.23519982,29.46
2025T2,RJ,escolaridade,medio,1536,801695.34685692,47.58
2025T2,RJ,escolaridade,sem_instrucao,69,29411.03101357,1.75
2025T2,RJ,escolaridade,superior,626,357512.53009736,21.22
2025T2,RN,escolaridade,fundamental,395,134960.7756923,41.35
2025T2,RN,escolaridade,medio,346,135952.95306617,41.65
2025T2,RN,escolaridade,sem_instrucao,43,10717.665762499999,3.28
2025T2,RN,escolaridade,superior,107,44783.35233479,13.72
2025T2,RO,escolaridade,fundamental,548,106219.60087887,48.35
2025T2,RO,escolaridade,medio,354,81293.02393505,37.0
2025T2,RO,escolaridade,sem_instrucao,55,9116.58375749,4.15
2025T2,RO,escolaridade,superior,88,23052.231985129998,10.49
2025T2,RR,escolaridade,fundamental,221,19580.42970199,32.47
2025T2,RR,escolaridade,medio,271,29637.21288975,49.14
2025T2,RR,escolaridade,sem_instrucao,19,1489.2461979099999,2.47
2025T2,RR,escolaridade,superior,71,9602.12873683,15.92
2025T2,RS,escolaridade,fundamental,1191,392897.88899104,42.71
2025T2,RS,escolaridade,medio,832,358725.52786582,38.99
2025T2,RS,escolaridade,sem_instrucao,30,9608.87445066,1.04
2025T2,RS,escolaridade,superior,344,158704.4831533,17.25
2025T2,SC,escolaridade,fundamental,1103,234796.61359573,37.92
2025T2,SC,escolaridade,medio,968,253446.54731009,40.94
2025T2,SC,escolaridade,sem_instrucao,56,13466.09756206,2.17
2025T2,SC,escolaridade,superior,421,117425.92484951,18.97
2025T2,SE,escolaridade,fundamental,409,89459.15985017,44.37
2025T2,SE,escolaridade,medio,277,80195.14870681,39.77
2025T2,SE,escolaridade,sem_instrucao,57,10434.9942186,5.18
2025T2,SE,escolaridade,superior,70,21534.15253155,10.68
2025T2,SP,escolaridade,fundamental,1107,1069610.12283245,27.38
2025T2,SP,escolaridade,medio,1583,2021360.70669964,51.73
2025T2,SP,escolaridade,sem_instrucao,91,94148.39487183,2.41
2025T2,SP,escolaridade,superior,566,722089.78632097,18.48
2025T2,TO,escolaridade,fundamental,299,48021.93548224,38.93
2025T2,TO,escolaridade,medio,234,49998.25979998,40.54
2025T2,TO,escolaridade,sem_instrucao,53,7666.45388434,6.22
2025T2,TO,escolaridade,superior,72,17658.25599462,14.32
2025T3,AC,sexo,feminino,181,15943.91307821,28.74
2025T3,AC,sexo,masculino,506,39526.15302568,71.26
2025T3,AL,sexo,feminino,483,87522.87193098,31.88
2025T3,AL,sexo,masculino,1142,186987.70390242,68.12
2025T3,AM,sexo,feminino,514,152214.50455639,30.39
2025T3,AM,sexo,masculino,1409,348590.99464751,69.61
2025T3,AP,sexo,feminino,185,28396.74208964,31.43
2025T3,AP,sexo,masculino,385,61943.70190207,68.57
2025T3,BA,sexo,feminino,888,573168.02913381,34.37
2025T3,BA,sexo,masculino,1841,1094268.75046836,65.63
2025T3,CE,sexo,feminino,821,334625.38960963,34.18
2025T3,CE,sexo,masculino,1604,644274.52020794,65.82
2025T3,DF,sexo,feminino,191,62138.6512677,37.36
2025T3,DF,sexo,masculino,314,104166.27187919,62.64
2025T3,ES,sexo,feminino,610,136996.09478748,38.24
2025T3,ES,sexo,masculino,1043,221266.60257508,61.76
2025T3,GO,sexo,feminino,538,238370.32019221,39.97
2025T3,GO,sexo,masculino,819,358025.38981642,60.03
2025T3,MA,sexo,feminino,1179,261456.14422663,31.49
2025T3,MA,sexo,masculino,2752,568803.0238898899,68.51
2025T3,MG,sexo,feminino,1165,685616.5323235,34.45
2025T3,MG,sexo,masculino,2454,1304356.11202272,65.55
2025T3,MS,sexo,feminino,338,82747.27705751,38.61
2025T3,MS,sexo,masculino,546,131552.65565986,61.39
2025T3,MT,sexo,feminino,442,106330.21984783,37.25
2025T3,MT,sexo,masculino,786,179148.10974223,62.75
2025T3,PA,sexo,feminino,712,318986.37253129,30.94
2025T3,PA,sexo,masculino,1637,711902.68419612,69.06
2025T3,PB,sexo,feminino,392,115378.346315,33.39
2025T3,PB,sexo,masculino,824,230169.57523579,66.61
2025T3,PE,sexo,feminino,550,288593.92752448,35.02
2025T3,PE,sexo,masculino,1040,535537.20680957,64.98
2025T3,PI,sexo,feminino,417,125824.85684628,34.99
2025T3,PI,sexo,masculino,799,233765.64597049,65.01
2025T3,PR,sexo,feminino,947,383812.5189833,39.23
2025T3,PR,sexo,masculino,1562,594464.16880147,60.77
2025T3,RJ,sexo,feminino,1455,753706.140826,44.09
2025T3,RJ,sexo,masculino,1899,955945.9322927,55.91
2025T3,RN,sexo,feminino,300,102830.85154949,30.3
2025T3,RN,sexo,masculino,686,236545.39144402,69.7
2025T3,RO,sexo,feminino,219,42888.33608127,29.07
2025T3,RO,sexo,masculino,585,104630.81402326,70.93
2025T3,RR,sexo,feminino,165,19551.41934549,35.19
2025T3,RR,sexo,masculino,385,36003.62851664,64.81
2025T3,RS,sexo,feminino,889,342976.53319395,36.22
2025T3,RS,sexo,masculino,1608,604004.56365107,63.78
2025T3,SC,sexo,feminino,1093,264402.0393552,43.24
2025T3,SC,sexo,masculino,1488,347130.62615631,56.76
2025T3,SE,sexo,feminino,287,73673.46254046,38.99
2025T3,SE,sexo,masculino,460,115278.87500394,61.01
2025T3,SP,sexo,feminino,1248,1445152.31687741,38.55
2025T3,SP,sexo,masculino,2098,2303812.43254417,61.45
2025T3,TO,sexo,feminino,241,48616.55230934,35.07
2025T3,TO,sexo,masculino,492,90020.33381946001,64.93
2025T3,AC,faixa_etaria,adulto_25_49,360,31381.19809389,56.57
2025T3,AC,faixa_etaria,jovem_14_24,42,4075.85551842,7.35
2025T3,AC,faixa_etaria,maduro_50_mais,285,20013.01249158,36.08
2025T3,AL,faixa_etaria,adulto_25_49,944,165936.05599073,60.45
2025T3,AL,faixa_etaria,jovem_14_24,156,31304.7178119,11.4
2025T3,AL,faixa_etaria,maduro_50_mais,525,77269.80203077,28.15
2025T3,AM,faixa_etaria,adulto_25_49,1103,302066.89478691,60.32
2025T3,AM,faixa_etaria,jovem_14_24,140,35329.71926958,7.05
2025T3,AM,faixa_etaria,maduro_50_mais,680,163408.88514741,32.63
2025T3,AP,faixa_etaria,adulto_25_49,328,54239.45330441,60.04
2025T3,AP,faixa_etaria,jovem_14_24,55,10147.24592946,11.23
2025T3,AP,faixa_etaria,maduro_50_mais,187,25953.74475784,28.73
2025T3,BA,faixa_etaria,adulto_25_49,1321,871367.38747026,52.26
2025T3,BA,faixa_etaria,jovem_14_24,176,137346.14074086,8.24
2025T3,BA,faixa_etaria,maduro_50_mais,1232,658723.25139105,39.51
2025T3,CE,faixa_etaria,adulto_25_49,1263,543551.58117267,55.53
2025T3,CE,faixa_etaria,jovem_14_24,166,76397.48971564,7.8
2025T3,CE,faixa_etaria,maduro_50_mais,996,358950.83892926,36.67
2025T3,DF,faixa_etaria,adulto_25_49,288,98830.38234483999,59.43
2025T3,DF,faixa_etaria,jovem_14_24,44,16190.86110168,9.74
2025T3,DF,faixa_etaria,maduro_50_mais,173,51283.67970037,30.84
2025T3,ES,faixa_etaria,adulto_25_49,861,205942.85826477,57.48
2025T3,ES,faixa_etaria,jovem_14_24,96,22998.01894505,6.42
2025T3,ES,faixa_etaria,maduro_50_mais,696,129321.82015274,36.1
2025T3,GO,faixa_etaria,adulto_25_49,652,318077.07786386,53.33
2025T3,GO,faixa_etaria,jovem_14_24,77,40996.02537843,6.87
2025T3,GO,faixa_etaria,maduro_50_mais,628,237322.60676634,39.79
2025T3,MA,faixa_etaria,adulto_25_49,2198,492979.12651056,59.38
2025T3,MA,faixa_etaria,jovem_14_24,352,77772.87615328,9.37
2025T3,MA,faixa_etaria,maduro_50_mais,1381,259507.16545268,31.26
2025T3,MG,faixa_etaria,adulto_25_49,1802,1103304.88158757,55.44
2025T3,MG,faixa_etaria,jovem_14_24,254,192260.85879481,9.66
2025T3,MG,faixa_etaria,maduro_50_mais,1563,694406.90396384,34.9
2025T3,MS,faixa_etaria,adulto_25_49,432,122453.27467563,57.14
2025T3,MS,faixa_etaria,jovem_14_24,52,14277.07336561,6.66
2025T3,MS,faixa_etaria,maduro_50_mais,400,77569.58467613,36.2
2025T3,MT,faixa_etaria,adulto_25_49,542,151894.25958135,53.21
2025T3,MT,faixa_etaria,jovem_14_24,87,23720.68512693,8.31
2025T3,MT,faixa_etaria,maduro_50_mais,599,109863.38488178,38.48
2025T3,PA,faixa_etaria,adulto_25_49,1290,608798.37411456,59.06
2025T3,PA,faixa_etaria,jovem_14_24,172,91757.39761891,8.9
2025T3,PA,faixa_etaria,maduro_50_mais,887,330333.28499394,32.04
2025T3,PB,faixa_etaria,adulto_25_49,644,195422.63668671,56.55
2025T3,PB,faixa_etaria,jovem_14_24,91,31733.67112585,9.18
2025T3,PB,faixa_etaria,maduro_50_mais,481,118391.61373823,34.26
2025T3,PE,faixa_etaria,adulto_25_49,898,493492.63962081,59.88
2025T3,PE,faixa_etaria,jovem_14_24,100,59740.33852596,7.25
2025T3,PE,faixa_etaria,maduro_50_mais,592,270898.15618728,32.87
2025T3,PI,faixa_etaria,adulto_25_49,645,203130.3594534,56.49
2025T3,PI,faixa_etaria,jovem_14_24,72,25214.57670956,7.01
2025T3,PI,faixa_etaria,maduro_50_mais,499,131245.56665381,36.5
2025T3,PR,faixa_etaria,adulto_25_49,1251,533768.45421198,54.56
2025T3,PR,faixa_etaria,jovem_14_24,189,88866.59225872,9.08
2025T3,PR,faixa_etaria,maduro_50_mais,1069,355641.64131407,36.35
2025T3,RJ,faixa_etaria,adulto_25_49,1732,949021.57305119,55.51
2025T3,RJ,faixa_etaria,jovem_14_24,242,150007.11702763,8.77
2025T3,RJ,faixa_etaria,maduro_50_mais,1380,610623.38303988,35.72
2025T3,RN,faixa_etaria,adulto_25_49,533,194018.08814935,57.17
2025T3,RN,faixa_etaria,jovem_14_24,85,32033.71504959,9.44
2025T3,RN,faixa_etaria,maduro_50_mais,368,113324.43979457,33.39
2025T3,RO,faixa_etaria,adulto_25_49,395,82362.47576174,55.83
2025T3,RO,faixa_etaria,jovem_14_24,59,12558.16744793,8.51
2025T3,RO,faixa_etaria,maduro_50_mais,350,52598.50689486,35.66
2025T3,RR,faixa_etaria,adulto_25_49,322,34991.45705008,62.99
2025T3,RR,faixa_etaria,jovem_14_24,49,5178.05441056,9.32
2025T3,RR,faixa_etaria,maduro_50_mais,179,15385.53640149,27.69
2025T3,RS,faixa_etaria,adulto_25_49,1142,488541.89504605,51.59
2025T3,RS,faixa_etaria,jovem_14_24,135,59940.16001652,6.33
2025T3,RS,faixa_etaria,maduro_50_mais,1220,398499.04178245,42.08
2025T3,SC,faixa_etaria,adulto_25_49,1371,342691.28923987,56.04
2025T3,SC,faixa_etaria,jovem_14_24,246,66008.81031795,10.79
2025T3,SC,faixa_etaria,maduro_50_mais,964,202832.56595369,33.17
2025T3,SE,faixa_etaria,adulto_25_49,423,112140.51016697,59.35
2025T3,SE,faixa_etaria,jovem_14_24,52,16063.14976735,8.5
2025T3,SE,faixa_etaria,maduro_50_mais,272,60748.67761008,32.15
2025T3,SP,faixa_etaria,adulto_25_49,1699,2078896.42516028,55.45
2025T3,SP,faixa_etaria,jovem_14_24,257,347855.34532132,9.28
2025T3,SP,faixa_etaria,maduro_50_mais,1390,1322212.97893998,35.27
2025T3,TO,faixa_etaria,adulto_25_49,353,75098.38932093,54.17
2025T3,TO,faixa_etaria,jovem_14_24,62,17012.77487929,12.27
2025T3,TO,faixa_etaria,maduro_50_mais,318,46525.72192858,33.56
2025T3,AC,cor_raca,amarela,10,875.89200899,1.58
2025T3,AC,cor_raca,branca,114,8695.03685866,15.68
2025T3,AC,cor_raca,indigena,3,276.89145065,0.5
2025T3,AC,cor_raca,parda,515,42478.29893831,76.58
2025T3,AC,cor_raca,preta,45,3143.94684728,5.67
2025T3,AL,cor_raca,amarela,3,618.3453196400001,0.23
2025T3,AL,cor_raca,branca,385,65779.73632021,23.96
2025T3,AL,cor_raca,indigena,10,1459.10965407,0.53
2025T3,AL,cor_raca,parda,1061,176401.5308315,64.26
2025T3,AL,cor_raca,preta,166,30251.85370798,11.02
2025T3,AM,cor_raca,amarela,2,504.34256737,0.1
2025T3,AM,cor_raca,branca,212,61831.708860060004,12.35
2025T3,AM,cor_raca,ignorada,1,82.18027229,0.02
2025T3,AM,cor_raca,indigena,85,20258.37347454,4.05
2025T3,AM,cor_raca,parda,1504,390240.79103477,77.92
2025T3,AM,cor_raca,preta,119,27888.10299487,5.57
2025T3,AP,cor_raca,branca,101,17844.05351936,19.75
2025T3,AP,cor_raca,indigena,3,663.7220879500001,0.73
2025T3,AP,cor_raca,parda,385,58920.76074174,65.22
2025T3,AP,cor_raca,preta,81,12911.90764266,14.29
2025T3,BA,cor_raca,amarela,8,5925.88998379,0.36
2025T3,BA,cor_raca,branca,472,288266.38674872,17.29
2025T3,BA,cor_raca,indigena,24,10015.06698517,0.6
2025T3,BA,cor_raca,parda,1534,915950.89091008,54.93
2025T3,BA,cor_raca,preta,691,447278.54497441,26.82
2025T3,CE,cor_raca,amarela,8,4526.3323838100005,0.46
2025T3,CE,cor_raca,branca,572,223845.86325089,22.87
2025T3,CE,cor_raca,indigena,16,7872.54433388,0.8
2025T3,CE,cor_raca,parda,1629,662303.70902812,67.66
2025T3,CE,cor_raca,preta,200,80351.46082087,8.21
2025T3,DF,cor_raca,amarela,5,1757.10776138,1.06
2025T3,DF,cor_raca,branca,162,56197.63004906,33.79
2025T3,DF,cor_raca,indigena,4,1185.4368464,0.71
2025T3,DF,cor_raca,parda,256,82577.72686742,49.65
2025T3,DF,cor_raca,preta,78,24587.02162263,14.78
2025T3,ES,cor_raca,amarela,2,182.83254683,0.05
2025T3,ES,cor_raca,branca,707,145524.46652508,40.62
2025T3,ES,cor_raca,indigena,2,408.87517849,0.11
2025T3,ES,cor_raca,parda,738,163323.05813901,45.59
2025T3,ES,cor_raca,preta,204,48823.46497315,13.63
2025T3,GO,cor_raca,amarela,6,2056.8386525,0.34
2025T3,GO,cor_raca,branca,503,212968.09782375,35.71
2025T3,GO,cor_raca,parda,698,310896.98490704,52.13
2025T3,GO,cor_raca,preta,150,70473.78862534,11.82
2025T3,MA,cor_raca,amarela,9,2183.7669227300003,0.26
2025T3,MA,cor_raca,branca,624,135383.04678918,16.31
2025T3,MA,cor_raca,indigena,18,4572.87226914,0.55
2025T3,MA,cor_raca,parda,2718,569033.57295486,68.54
2025T3,MA,cor_raca,preta,562,119085.90918061,14.34
2025T3,MG,cor_raca,amarela,13,8904.92207162,0.45
2025T3,MG,cor_raca,branca,1509,783936.2256836,39.39
2025T3,MG,cor_raca,indigena,6,5093.853242,0.26
2025T3,MG,cor_raca,parda,1671,956206.27761541,48.05
2025T3,MG,cor_raca,preta,420,235831.36573359,11.85
2025T3,MS,cor_raca,amarela,5,1048.67817408,0.49
2025T3,MS,cor_raca,branca,368,88025.978802,41.08
2025T3,MS,cor_raca,indigena,12,3012.1516618,1.41
2025T3,MS,cor_raca,parda,441,107092.26629479,49.97
2025T3,MS,cor_raca,preta,58,15120.8577847,7.06
2025T3,MT,cor_raca,amarela,5,1218.62914894,0.43
2025T3,MT,cor_raca,branca,329,82684.66365382,28.96
2025T3,MT,cor_raca,indigena,5,670.2260079499999,0.23
2025T3,MT,cor_raca,parda,737,164752.40054992,57.71
2025T3,MT,cor_raca,preta,152,36152.41022943,12.66
2025T3,PA,cor_raca,amarela,4,1312.401833,0.13
2025T3,PA,cor_raca,branca,352,149663.47258117,14.52
2025T3,PA,cor_raca,indigena,10,4977.41747726,0.48
2025T3,PA,cor_raca,parda,1723,757757.24820054,73.51
2025T3,PA,cor_raca,preta,260,117178.51663544,11.37
2025T3,PB,cor_raca,amarela,2,806.7609731,0.23
2025T3,PB,cor_raca,branca,383,107732.58457970001,31.18
2025T3,PB,cor_raca,indigena,6,873.55750106,0.25
2025T3,PB,cor_raca,parda,719,208825.74226335,60.43
2025T3,PB,cor_raca,preta,106,27309.27623358,7.9
2025T3,PE,cor_raca,amarela,5,2210.45523288,0.27
2025T3,PE,cor_raca,branca,506,266307.56068786,32.31
2025T3,PE,cor_raca,indigena,9,5528.2177104,0.67
2025T3,PE,cor_raca,parda,907,462754.45967648,56.15
2025T3,PE,cor_raca,preta,163,87330.44102643,10.6
2025T3,PI,cor_raca,amarela,1,289.807389,0.08
2025T3,PI,cor_raca,branca,214,59647.47222489,16.59
2025T3,PI,cor_raca,indigena,5,934.03773426,0.26
2025T3,PI,cor_raca,parda,832,249528.25154297,69.39
2025T3,PI,cor_raca,preta,164,49190.93392565,13.68
2025T3,PR,cor_raca,amarela,28,12821.88653915,1.31
2025T3,PR,cor_raca,branca,1573,601237.08269463,61.46
2025T3,PR,cor_raca,ignorada,1,457.23349764,0.05
2025T3,PR,cor_raca,indigena,12,3808.0123293300003,0.39
2025T3,PR,cor_raca,parda,796,313341.04008162,32.03
2025T3,PR,cor_raca,preta,99,46611.4326424,4.76
2025T3,RJ,cor_raca,amarela,15,7508.87348997,0.44
2025T3,RJ,cor_raca,branca,1334,709232.40967544,41.48
2025T3,RJ,cor_raca,indigena,9,5221.6380743,0.31
2025T3,RJ,cor_raca,parda,1404,684576.81597922,40.04
2025T3,RJ,cor_raca,preta,592,303112.33589977,17.73
2025T3,RN,cor_raca,amarela,3,847.36353594,0.25
2025T3,RN,cor_raca,branca,325,114297.406259,33.68
2025T3,RN,cor_raca,indigena,6,1306.14068147,0.38
2025T3,RN,cor_raca,parda,555,190402.58623626,56.1
2025T3,RN,cor_raca,preta,97,32522.74628084,9.58
2025T3,RO,cor_raca,amarela,5,697.53633102,0.47
2025T3,RO,cor_raca,branca,238,46857.44032328,31.76
2025T3,RO,cor_raca,indigena,7,1101.73533331,0.75
2025T3,RO,cor_raca,parda,469,83342.80974954,56.5
2025T3,RO,cor_raca,preta,85,15519.62836738,10.52
2025T3,RR,cor_raca,branca,112,11966.91427678,21.54
2025T3,RR,cor_raca,indigena,21,1578.77369126,2.84
2025T3,RR,cor_raca,parda,354,36083.916989,64.95
2025T3,RR,cor_raca,preta,63,5925.44290509,10.67
2025T3,RS,cor_raca,amarela,3,1140.41470273,0.12
2025T3,RS,cor_raca,branca,2022,750503.42522764,79.25
2025T3,RS,cor_raca,indigena,8,3315.03526122,0.35
2025T3,RS,cor_raca,parda,334,135434.00200926,14.3
2025T3,RS,cor_raca,preta,130,56588.21964417,5.98
2025T3,SC,cor_raca,amarela,11,3283.34480404,0.54
2025T3,SC,cor_raca,branca,2097,486644.08467443,79.58
2025T3,SC,cor_raca,ignorada,1,269.66578455,0.04
2025T3,SC,cor_raca,indigena,5,880.60801441,0.14
2025T3,SC,cor_raca,parda,401,104044.30649545,17.01
2025T3,SC,cor_raca,preta,66,16410.65573863,2.68
2025T3,SE,cor_raca,amarela,1,190.29380649,0.1
2025T3,SE,cor_raca,branca,172,44374.52520218,23.48
2025T3,SE,cor_raca,indigena,1,433.97504319,0.23
2025T3,SE,cor_raca,parda,462,113081.2079053,59.85
2025T3,SE,cor_raca,preta,111,30872.33558724,16.34
2025T3,SP,cor_raca,amarela,60,57533.26384894,1.53
2025T3,SP,cor_raca,branca,1727,1883679.11832038,50.25
2025T3,SP,cor_raca,ignorada,2,195.87624074,0.01
2025T3,SP,cor_raca,indigena,17,24504.29448542,0.65
2025T3,SP,cor_raca,parda,1230,1420454.65212698,37.89
2025T3,SP,cor_raca,preta,310,362597.54439912,9.67
2025T3,TO,cor_raca,amarela,2,524.5995218400001,0.38
2025T3,TO,cor_raca,branca,150,26570.3169145,19.17
2025T3,TO,cor_raca,indigena,4,1014.99472711,0.73
2025T3,TO,cor_raca,parda,453,86371.64614559,62.3
2025T3,TO,cor_raca,preta,124,24155.32881976,17.42
2025T3,AC,escolaridade,fundamental,341,24607.22429541,44.36
2025T3,AC,escolaridade,medio,215,19597.01472586,35.33
2025T3,AC,escolaridade,sem_instrucao,69,5207.47055973,9.39
2025T3,AC,escolaridade,superior,62,6058.35652289,10.92
2025T3,AL,escolaridade,fundamental,768,117571.34315157,42.83
2025T3,AL,escolaridade,medio,593,112025.43320398,40.81
2025T3,AL,escolaridade,sem_instrucao,109,15299.32648478,5.57
2025T3,AL,escolaridade,superior,155,29614.47299307,10.79
2025T3,AM,escolaridade,fundamental,856,194767.34807355,38.89
2025T3,AM,escolaridade,medio,751,219954.55916839,43.92
2025T3,AM,escolaridade,sem_instrucao,160,29034.01578535,5.8
2025T3,AM,escolaridade,superior,156,57049.57617661,11.39
2025T3,AP,escolaridade,fundamental,220,32968.65755438,36.49
2025T3,AP,escolaridade,medio,238,39266.09811173,43.46
2025T3,AP,escolaridade,sem_instrucao,43,5796.30737974,6.42
2025T3,AP,escolaridade,superior,69,12309.38094586,13.63
2025T3,BA,escolaridade,fundamental,1248,680670.07346037,40.82
2025T3,BA,escolaridade,medio,999,692309.73958287,41.52
2025T3,BA,escolaridade,sem_instrucao,236,105961.47259411,6.35
2025T3,BA,escolaridade,superior,246,188495.49396482,11.3
2025T3,CE,escolaridade,fundamental,1068,400898.58834938,40.95
2025T3,CE,escolaridade,medio,928,409498.51335578,41.83
2025T3,CE,escolaridade,sem_instrucao,191,59372.0638846,6.07
2025T3,CE,escolaridade,superior,238,109130.74422781,11.15
2025T3,DF,escolaridade,fundamental,145,45744.91170253,27.51
2025T3,DF,escolaridade,medio,209,69850.10983358,42.0
2025T3,DF,escolaridade,sem_instrucao,13,3100.94308774,1.86
2025T3,DF,escolaridade,superior,138,47608.95852304,28.63
2025T3,ES,escolaridade,fundamental,759,151956.20599705,42.41
2025T3,ES,escolaridade,medio,621,144543.20674793,40.35
2025T3,ES,escolaridade,sem_instrucao,36,6318.85651833,1.76
2025T3,ES,escolaridade,superior,237,55444.42809925,15.48
2025T3,GO,escolaridade,fundamental,540,209806.50661142,35.18
2025T3,GO,escolaridade,medio,570,273090.11667221,45.79
2025T3,GO,escolaridade,sem_instrucao,39,15881.8528039,2.66
2025T3,GO,escolaridade,superior,208,97617.2339211,16.37
2025T3,MA,escolaridade,fundamental,1848,341890.91841114,41.18
2025T3,MA,escolaridade,medio,1478,356965.16880069,42.99
2025T3,MA,escolaridade,sem_instrucao,370,60532.50289925,7.29
2025T3,MA,escolaridade,superior,235,70870.57800544,8.54
2025T3,MG,escolaridade,fundamental,1722,802103.29009045,40.31
2025T3,MG,escolaridade,medio,1355,844528.8217354,42.44
2025T3,MG,escolaridade,sem_instrucao,89,55297.8627369,2.78
2025T3,MG,escolaridade,superior,453,288042.66978347,14.47
2025T3,MS,escolaridade,fundamental,396,85449.8642726,39.87
2025T3,MS,escolaridade,medio,301,80344.80693736,37.49
2025T3,MS,escolaridade,sem_instrucao,33,5319.09303321,2.48
2025T3,MS,escolaridade,superior,154,43186.1684742,20.15
2025T3,MT,escolaridade,fundamental,548,112251.54466959,39.32
2025T3,MT,escolaridade,medio,447,115481.41151466,40.45
2025T3,MT,escolaridade,sem_instrucao,59,9485.68850029,3.32
2025T3,MT,escolaridade,superior,174,48259.68490552,16.9
2025T3,PA,escolaridade,fundamental,1232,510154.14618728,49.49
2025T3,PA,escolaridade,medio,803,385623.67720818,37.41
2025T3,PA,escolaridade,sem_instrucao,136,54390.66290287,5.28
2025T3,PA,escolaridade,superior,178,80720.57042908,7.83
2025T3,PB,escolaridade,fundamental,582,157705.8357579,45.64
2025T3,PB,escolaridade,medio,405,122921.65927546,35.57
2025T3,PB,escolaridade,sem_instrucao,92,23835.91417325,6.9
2025T3,PB,escolaridade,superior,137,41084.51234418,11.89
2025T3,PE,escolaridade,fundamental,653,293071.03155734,35.56
2025T3,PE,escolaridade,medio,676,391557.48676311,47.51
2025T3,PE,escolaridade,sem_instrucao,70,26444.38621932,3.21
2025T3,PE,escolaridade,superior,191,113058.22979428,13.72
2025T3,PI,escolaridade,fundamental,578,165285.66617966,45.96
2025T3,PI,escolaridade,medio,433,133609.12210076,37.16
2025T3,PI,escolaridade,sem_instrucao,79,21520.93279281,5.98
2025T3,PI,escolaridade,superior,126,39174.78174354,10.89
2025T3,PR,escolaridade,fundamental,1100,364126.03564061,37.22
2025T3,PR,escolaridade,medio,1002,420792.59178682,43.01
2025T3,PR,escolaridade,sem_instrucao,56,22417.002538509998,2.29
2025T3,PR,escolaridade,superior,351,170941.05781883,17.47
2025T3,RJ,escolaridade,fundamental,1063,468148.03767162,27.38
2025T3,RJ,escolaridade,medio,1613,866530.94350805,50.68
2025T3,RJ,escolaridade,sem_instrucao,64,27636.86219328,1.62
2025T3,RJ,escolaridade,superior,614,347336.22974575,20.32
2025T3,RN,escolaridade,fundamental,444,143696.28706241,42.34
2025T3,RN,escolaridade,medio,370,134856.73069774,39.74
2025T3,RN,escolaridade,sem_instrucao,54,16523.71633025,4.87
2025T3,RN,escolaridade,superior,118,44299.50890311,13.05
2025T3,RO,escolaridade,fundamental,441,71671.92577728,48.58
2025T3,RO,escolaridade,medio,266,57360.57036198,38.88
2025T3,RO,escolaridade,sem_instrucao,40,5524.90416825,3.75
2025T3,RO,escolaridade,superior,57,12961.74979702,8.79
2025T3,RR,escolaridade,fundamental,199,15632.81833669,28.14
2025T3,RR,escolaridade,medio,253,29453.82717635,53.02
2025T3,RR,escolaridade,sem_instrucao,23,1074.68556842,1.93
2025T3,RR,escolaridade,superior,75,9393.71678067,16.91
2025T3,RS,escolaridade,fundamental,1231,403539.60827286,42.61
2025T3,RS,escolaridade,medio,881,378927.97460418,40.01
2025T3,RS,escolaridade,sem_instrucao,29,6408.63106273,0.68
2025T3,RS,escolaridade,superior,356,158104.88290525,16.7
2025T3,SC,escolaridade,fundamental,1083,224465.72577135,36.71
2025T3,SC,escolaridade,medio,1060,272584.47112709,44.57
2025T3,SC,escolaridade,sem_instrucao,50,12793.711861580001,2.09
2025T3,SC,escolaridade,superior,388,101688.75675149,16.63
2025T3,SE,escolaridade,fundamental,360,83714.63802565,44.3
2025T3,SE,escolaridade,medio,271,75256.93923417,39.83
2025T3,SE,escolaridade,sem_instrucao,40,6997.46474525,3.7
2025T3,SE,escolaridade,superior,76,22983.29553933,12.16
2025T3,SP,escolaridade,fundamental,1139,1073527.11736154,28.64
2025T3,SP,escolaridade,medio,1545,1863666.70802011,49.71
2025T3,SP,escolaridade,sem_instrucao,89,95219.63002167,2.54
2025T3,SP,escolaridade,superior,573,716551.29401826,19.11
2025T3,TO,escolaridade,fundamental,316,52514.64053743,37.88
2025T3,TO,escolaridade,medio,290,59860.31552088,43.18
2025T3,TO,escolaridade,sem_instrucao,36,6354.69190423,4.58
2025T3,TO,escolaridade,superior,91,19907.23816626,14.36
2025T4,AC,sexo,feminino,146,14905.29492164,27.25
2025T4,AC,sexo,masculino,479,39796.46081558,72.75
2025T4,AL,sexo,feminino,495,87761.03201306,33.48
2025T4,AL,sexo,masculino,1061,174330.81144826,66.52
2025T4,AM,sexo,feminino,502,146297.14859729,30.8
2025T4,AM,sexo,masculino,1339,328741.46703043,69.2
2025T4,AP,sexo,feminino,187,27078.02046456,30.45
2025T4,AP,sexo,masculino,442,61837.10301893,69.55
2025T4,BA,sexo,feminino,938,593605.79099456,35.3
2025T4,BA,sexo,masculino,1841,1087942.07443762,64.7
2025T4,CE,sexo,feminino,832,333247.86950895,35.4
2025T4,CE,sexo,masculino,1555,608176.9892421,64.6
2025T4,DF,sexo,feminino,195,65934.90614971,39.11
2025T4,DF,sexo,masculino,305,102644.42756685,60.89
2025T4,ES,sexo,feminino,542,123770.67496139,36.65
2025T4,ES,sexo,masculino,1019,213979.10256718,63.35
2025T4,GO,sexo,feminino,557,234779.31602974,39.3
2025T4,GO,sexo,masculino,837,362692.83430256,60.7
2025T4,MA,sexo,feminino,1197,268156.93260341,31.44
2025T4,MA,sexo,masculino,2800,584764.947765,68.56
2025T4,MG,sexo,feminino,1171,663063.09257297,34.54
2025T4,MG,sexo,masculino,2406,1256489.62280551,65.46
2025T4,MS,sexo,feminino,384,89675.80491057,41.02
2025T4,MS,sexo,masculino,586,128952.65417046,58.98
2025T4,MT,sexo,feminino,460,103380.15678913001,35.53
2025T4,MT,sexo,masculino,842,187597.53398072,64.47
2025T4,PA,sexo,feminino,759,324306.16420201,31.39
2025T4,PA,sexo,masculino,1652,709004.12829988,68.61
2025T4,PB,sexo,feminino,418,116118.42537671,34.93
2025T4,PB,sexo,masculino,818,216355.88379898,65.07
2025T4,PE,sexo,feminino,573,295909.73765885,36.62
2025T4,PE,sexo,masculino,1006,512079.15382013,63.38
2025T4,PI,sexo,feminino,423,121744.45063969,36.75
2025T4,PI,sexo,masculino,764,209559.51351904,63.25
2025T4,PR,sexo,feminino,904,344869.51726158,37.49
2025T4,PR,sexo,masculino,1550,574942.08110077,62.51
2025T4,RJ,sexo,feminino,1496,746229.42508757,44.05
2025T4,RJ,sexo,masculino,1904,947635.05065145,55.95
2025T4,RN,sexo,feminino,334,108499.49973519,32.74
2025T4,RN,sexo,masculino,654,222938.14621314,67.26
2025T4,RO,sexo,feminino,277,54371.97345877,33.38
2025T4,RO,sexo,masculino,674,108501.20853918,66.62
2025T4,RR,sexo,feminino,165,18060.01308321,32.07
2025T4,RR,sexo,masculino,384,38249.74603838,67.93
2025T4,RS,sexo,feminino,926,349568.17396667,38.15
2025T4,RS,sexo,masculino,1554,566649.71185321,61.85
2025T4,SC,sexo,feminino,1102,263373.78785307,43.34
2025T4,SC,sexo,masculino,1478,344329.70618729,56.66
2025T4,SE,sexo,feminino,307,77212.5052953,40.01
2025T4,SE,sexo,masculino,484,115770.98048136,59.99
2025T4,SP,sexo,feminino,1259,1459819.1256271,38.92
2025T4,SP,sexo,masculino,2048,2291372.26171312,61.08
2025T4,TO,sexo,feminino,226,43382.16071561,33.72
2025T4,TO,sexo,masculino,477,85277.72605198,66.28
2025T4,AC,faixa_etaria,adulto_25_49,357,33695.0157578,61.6
2025T4,AC,faixa_etaria,jovem_14_24,42,4066.41707059,7.43
2025T4,AC,faixa_etaria,maduro_50_mais,226,16940.32290883,30.97
2025T4,AL,faixa_etaria,adulto_25_49,857,149653.10319539,57.1
2025T4,AL,faixa_etaria,jovem_14_24,163,31535.2213815,12.03
2025T4,AL,faixa_etaria,maduro_50_mais,536,80903.51888443,30.87
2025T4,AM,faixa_etaria,adulto_25_49,1065,289808.26164858,61.01
2025T4,AM,faixa_etaria,jovem_14_24,133,33508.76695588,7.05
2025T4,AM,faixa_etaria,maduro_50_mais,643,151721.58702326,31.94
2025T4,AP,faixa_etaria,adulto_25_49,355,53510.57899335,60.18
2025T4,AP,faixa_etaria,jovem_14_24,76,11145.88442078,12.54
2025T4,AP,faixa_etaria,maduro_50_mais,198,24258.66006936,27.28
2025T4,BA,faixa_etaria,adulto_25_49,1350,904145.7262517,53.77
2025T4,BA,faixa_etaria,jovem_14_24,200,140058.44727586,8.33
2025T4,BA,faixa_etaria,maduro_50_mais,1229,637343.69190462,37.9
2025T4,CE,faixa_etaria,adulto_25_49,1284,536608.37776776,57.0
2025T4,CE,faixa_etaria,jovem_14_24,130,59536.25966578,6.32
2025T4,CE,faixa_etaria,maduro_50_mais,973,345280.22131751,36.68
2025T4,DF,faixa_etaria,adulto_25_49,281,99251.08594408,58.88
2025T4,DF,faixa_etaria,jovem_14_24,43,15689.90862239,9.31
2025T4,DF,faixa_etaria,maduro_50_mais,176,53638.33915009,31.82
2025T4,ES,faixa_etaria,adulto_25_49,782,182247.21259413,53.96
2025T4,ES,faixa_etaria,jovem_14_24,113,30048.00587242,8.9
2025T4,ES,faixa_etaria,maduro_50_mais,666,125454.55906202,37.14
2025T4,GO,faixa_etaria,adulto_25_49,661,322782.05141739,54.02
2025T4,GO,faixa_etaria,jovem_14_24,86,46613.49791957,7.8
2025T4,GO,faixa_etaria,maduro_50_mais,647,228076.60099534,38.17
2025T4,MA,faixa_etaria,adulto_25_49,2240,506714.0965274,59.41
2025T4,MA,faixa_etaria,jovem_14_24,370,85969.29951584,10.08
2025T4,MA,faixa_etaria,maduro_50_mais,1387,260238.48432517,30.51
2025T4,MG,faixa_etaria,adulto_25_49,1780,1060112.19435072,55.23
2025T4,MG,faixa_etaria,jovem_14_24,220,155465.26575461,8.1
2025T4,MG,faixa_etaria,maduro_50_mais,1577,703975.25527315,36.67
2025T4,MS,faixa_etaria,adulto_25_49,457,120688.34990469,55.2
2025T4,MS,faixa_etaria,jovem_14_24,52,15617.2064449,7.14
2025T4,MS,faixa_etaria,maduro_50_mais,461,82322.90273144,37.65
2025T4,MT,faixa_etaria,adulto_25_49,587,149901.21737117,51.52
2025T4,MT,faixa_etaria,jovem_14_24,108,31802.463107479998,10.93
2025T4,MT,faixa_etaria,maduro_50_mais,607,109274.0102912,37.55
2025T4,PA,faixa_etaria,adulto_25_49,1332,606771.72917385,58.72
2025T4,PA,faixa_etaria,jovem_14_24,180,98446.02034705,9.53
2025T4,PA,faixa_etaria,maduro_50_mais,899,328092.54298099,31.75
2025T4,PB,faixa_etaria,adulto_25_49,680,192075.15366052,57.77
2025T4,PB,faixa_etaria,jovem_14_24,83,29592.28482215,8.9
2025T4,PB,faixa_etaria,maduro_50_mais,473,110806.87069302,33.33
2025T4,PE,faixa_etaria,adulto_25_49,891,481149.83555548,59.55
2025T4,PE,faixa_etaria,jovem_14_24,109,64044.54295204,7.93
2025T4,PE,faixa_etaria,maduro_50_mais,579,262794.51297146,32.52
2025T4,PI,faixa_etaria,adulto_25_49,603,175227.92079191,52.89
2025T4,PI,faixa_etaria,jovem_14_24,75,26744.0394563,8.07
2025T4,PI,faixa_etaria,maduro_50_mais,509,129332.00391052,39.04
2025T4,PR,faixa_etaria,adulto_25_49,1197,501296.48411763,54.5
2025T4,PR,faixa_etaria,jovem_14_24,200,88350.92983929,9.61
2025T4,PR,faixa_etaria,maduro_50_mais,1057,330164.18440543,35.89
2025T4,RJ,faixa_etaria,adulto_25_49,1745,939155.71632166,55.44
2025T4,RJ,faixa_etaria,jovem_14_24,225,131907.78838992,7.79
2025T4,RJ,faixa_etaria,maduro_50_mais,1430,622800.97102744,36.77
2025T4,RN,faixa_etaria,adulto_25_49,554,202822.35528941,61.19
2025T4,RN,faixa_etaria,jovem_14_24,69,26441.34771131,7.98
2025T4,RN,faixa_etaria,maduro_50_mais,365,102173.94294761,30.83
2025T4,RO,faixa_etaria,adulto_25_49,471,88170.59524423,54.13
2025T4,RO,faixa_etaria,jovem_14_24,96,17763.46643865,10.91
2025T4,RO,faixa_etaria,maduro_50_mais,384,56939.12031507,34.96
2025T4,RR,faixa_etaria,adulto_25_49,310,34577.71243474,61.41
2025T4,RR,faixa_etaria,jovem_14_24,48,4846.55408342,8.61
2025T4,RR,faixa_etaria,maduro_50_mais,191,16885.49260343,29.99
2025T4,RS,faixa_etaria,adulto_25_49,1119,468152.78115867,51.1
2025T4,RS,faixa_etaria,jovem_14_24,146,60765.83086046,6.63
2025T4,RS,faixa_etaria,maduro_50_mais,1215,387299.27380075,42.27
2025T4,SC,faixa_etaria,adulto_25_49,1393,342599.54577428,56.38
2025T4,SC,faixa_etaria,jovem_14_24,234,60534.44635186,9.96
2025T4,SC,faixa_etaria,maduro_50_mais,953,204569.50191422,33.66
2025T4,SE,faixa_etaria,adulto_25_49,434,111328.40086441,57.69
2025T4,SE,faixa_etaria,jovem_14_24,61,16695.97968798,8.65
2025T4,SE,faixa_etaria,maduro_50_mais,296,64959.10522427,33.66
2025T4,SP,faixa_etaria,adulto_25_49,1678,2082643.29911136,55.52
2025T4,SP,faixa_etaria,jovem_14_24,280,390466.11718708,10.41
2025T4,SP,faixa_etaria,maduro_50_mais,1349,1278081.97104178,34.07
2025T4,TO,faixa_etaria,adulto_25_49,323,64137.20563798,49.85
2025T4,TO,faixa_etaria,jovem_14_24,42,12367.847551769999,9.61
2025T4,TO,faixa_etaria,maduro_50_mais,338,52154.83357784,40.54
2025T4,AC,cor_raca,amarela,6,550.88658459,1.01
2025T4,AC,cor_raca,branca,108,9644.96339669,17.63
2025T4,AC,cor_raca,indigena,6,310.26637462,0.57
2025T4,AC,cor_raca,parda,456,40084.95545488,73.28
2025T4,AC,cor_raca,preta,49,4110.68392644,7.51
2025T4,AL,cor_raca,amarela,2,448.67331580000007,0.17
2025T4,AL,cor_raca,branca,347,60410.42991952,23.05
2025T4,AL,cor_raca,indigena,11,1470.71740585,0.56
2025T4,AL,cor_raca,parda,1026,171770.63098601,65.54
2025T4,AL,cor_raca,preta,170,27991.39183414,10.68
2025T4,AM,cor_raca,amarela,6,1158.29281234,0.24
2025T4,AM,cor_raca,branca,216,59748.52319095,12.58
2025T4,AM,cor_raca,indigena,86,19224.15140408,4.05
2025T4,AM,cor_raca,parda,1441,371522.44613242,78.21
2025T4,AM,cor_raca,preta,92,23385.20208793,4.92
2025T4,AP,cor_raca,branca,101,13985.20315624,15.73
2025T4,AP,cor_raca,indigena,2,524.39870997,0.59
2025T4,AP,cor_raca,parda,424,60516.25134476,68.06
2025T4,AP,cor_raca,preta,102,13889.27027252,15.62
2025T4,BA,cor_raca,amarela,9,6858.94634681,0.41
2025T4,BA,cor_raca,branca,493,289482.57359976,17.22
2025T4,BA,cor_raca,indigena,21,9515.15415405,0.57
2025T4,BA,cor_raca,parda,1549,916016.24077307,54.47
2025T4,BA,cor_raca,preta,707,459674.95055849,27.34
2025T4,CE,cor_raca,amarela,12,6046.95143824,0.64
2025T4,CE,cor_raca,branca,584,228801.05013912,24.3
2025T4,CE,cor_raca,indigena,7,2576.43743701,0.27
2025T4,CE,cor_raca,parda,1580,622751.68859425,66.15
2025T4,CE,cor_raca,preta,204,81248.73114243,8.63
2025T4,DF,cor_raca,branca,152,53909.77165862,31.98
2025T4,DF,cor_raca,indigena,5,1418.94949748,0.84
2025T4,DF,cor_raca,parda,274,92425.81008518,54.83
2025T4,DF,cor_raca,preta,69,20824.80247528,12.35
2025T4,ES,cor_raca,amarela,3,386.62674312,0.11
2025T4,ES,cor_raca,branca,664,132104.66957265,39.11
2025T4,ES,cor_raca,indigena,2,403.42292968000004,0.12
2025T4,ES,cor_raca,parda,731,166279.2554677,49.23
2025T4,ES,cor_raca,preta,161,38575.80281542,11.42
2025T4,GO,cor_raca,amarela,3,1566.11061744,0.26
2025T4,GO,cor_raca,branca,507,206283.13188568,34.53
2025T4,GO,cor_raca,indigena,5,2839.29510647,0.48
2025T4,GO,cor_raca,parda,726,308515.4250073,51.64
2025T4,GO,cor_raca,preta,153,78268.18771541,13.1
2025T4,MA,cor_raca,amarela,13,2496.5255110099997,0.29
2025T4,MA,cor_raca,branca,649,143671.7218336,16.84
2025T4,MA,cor_raca,indigena,13,3057.39922463,0.36
2025T4,MA,cor_raca,parda,2805,589778.38029616,69.15
2025T4,MA,cor_raca,preta,517,113917.85350301,13.36
2025T4,MG,cor_raca,amarela,8,5961.42567807,0.31
2025T4,MG,cor_raca,branca,1438,746004.00731976,38.86
2025T4,MG,cor_raca,indigena,3,2563.107548,0.13
2025T4,MG,cor_raca,parda,1680,921119.62924907,47.99
2025T4,MG,cor_raca,preta,448,243904.54558358,12.71
2025T4,MS,cor_raca,amarela,9,1704.64992839,0.78
2025T4,MS,cor_raca,branca,393,87396.9041125,39.98
2025T4,MS,cor_raca,indigena,9,2207.4332688100003,1.01
2025T4,MS,cor_raca,parda,487,109313.71615738,50.0
2025T4,MS,cor_raca,preta,72,18005.75561395,8.24
2025T4,MT,cor_raca,amarela,7,693.61473748,0.24
2025T4,MT,cor_raca,branca,393,94378.48357261,32.43
2025T4,MT,cor_raca,indigena,9,1077.71093301,0.37
2025T4,MT,cor_raca,parda,724,158929.43184555,54.62
2025T4,MT,cor_raca,preta,169,35898.4496812,12.34
2025T4,PA,cor_raca,amarela,6,1816.1869058300001,0.18
2025T4,PA,cor_raca,branca,372,155607.22460333,15.06
2025T4,PA,cor_raca,indigena,10,4637.75869676,0.45
2025T4,PA,cor_raca,parda,1742,754360.98268773,73.0
2025T4,PA,cor_raca,preta,281,116888.13960824,11.31
2025T4,PB,cor_raca,amarela,1,167.49372473,0.05
2025T4,PB,cor_raca,branca,398,107548.47799977999,32.35
2025T4,PB,cor_raca,ignorada,3,552.62694545,0.17
2025T4,PB,cor_raca,indigena,2,523.05714883,0.16
2025T4,PB,cor_raca,parda,731,195296.09491854,58.74
2025T4,PB,cor_raca,preta,101,28386.55843836,8.54
2025T4,PE,cor_raca,amarela,4,1651.93267415,0.2
2025T4,PE,cor_raca,branca,499,261517.52051752,32.37
2025T4,PE,cor_raca,indigena,7,5060.37755918,0.63
2025T4,PE,cor_raca,parda,893,444583.62748947,55.02
2025T4,PE,cor_raca,preta,176,95175.43323866,11.78
2025T4,PI,cor_raca,amarela,2,311.32665049,0.09
2025T4,PI,cor_raca,branca,233,63850.39676627,19.27
2025T4,PI,cor_raca,indigena,6,1497.0880705200002,0.45
2025T4,PI,cor_raca,parda,783,221514.65948895,66.86
2025T4,PI,cor_raca,preta,163,44130.4931825,13.32
2025T4,PR,cor_raca,amarela,39,14370.7667988,1.56
2025T4,PR,cor_raca,branca,1562,570731.40747052,62.05
2025T4,PR,cor_raca,indigena,8,3248.0849349,0.35
2025T4,PR,cor_raca,parda,761,294619.35923701,32.03
2025T4,PR,cor_raca,preta,84,36841.97992112,4.01
2025T4,RJ,cor_raca,amarela,15,6569.199882450001,0.39
2025T4,RJ,cor_raca,branca,1360,672337.53779426,39.69
2025T4,RJ,cor_raca,indigena,10,5603.25833155,0.33
2025T4,RJ,cor_raca,parda,1425,703866.93302604,41.55
2025T4,RJ,cor_raca,preta,590,305487.54670472,18.03
2025T4,RN,cor_raca,amarela,2,690.73440909,0.21
2025T4,RN,cor_raca,branca,345,113511.53868601,34.25
2025T4,RN,cor_raca,indigena,4,603.67988541,0.18
2025T4,RN,cor_raca,parda,524,182213.48027311,54.98
2025T4,RN,cor_raca,preta,113,34418.21269471,10.38
2025T4,RO,cor_raca,amarela,3,406.00527653,0.25
2025T4,RO,cor_raca,branca,259,44911.23489712,27.57
2025T4,RO,cor_raca,indigena,5,1231.5871527699999,0.76
2025T4,RO,cor_raca,parda,576,99189.0939408,60.9
2025T4,RO,cor_raca,preta,108,17135.26073073,10.52
2025T4,RR,cor_raca,amarela,1,136.9575257,0.24
2025T4,RR,cor_raca,branca,110,11969.82799223,21.26
2025T4,RR,cor_raca,indigena,23,1960.1446577899999,3.48
2025T4,RR,cor_raca,parda,348,36227.34146238,64.34
2025T4,RR,cor_raca,preta,67,6015.48748349,10.68
2025T4,RS,cor_raca,amarela,4,1020.14430603,0.11
2025T4,RS,cor_raca,branca,2052,732632.62334706,79.96
2025T4,RS,cor_raca,indigena,9,2608.36094442,0.28
2025T4,RS,cor_raca,parda,311,137680.22147174,15.03
2025T4,RS,cor_raca,preta,104,42276.53575063,4.61
2025T4,SC,cor_raca,amarela,13,3290.93031098,0.54
2025T4,SC,cor_raca,branca,2099,479316.83613726,78.87
2025T4,SC,cor_raca,indigena,8,2125.94398006,0.35
2025T4,SC,cor_raca,parda,387,103331.0127523,17.0
2025T4,SC,cor_raca,preta,73,19638.77085976,3.23
2025T4,SE,cor_raca,branca,170,44102.85093306,22.85
2025T4,SE,cor_raca,parda,515,122210.83252352,63.33
2025T4,SE,cor_raca,preta,106,26669.80232008,13.82
2025T4,SP,cor_raca,amarela,56,59337.83208583,1.58
2025T4,SP,cor_raca,branca,1697,1833292.76957807,48.87
2025T4,SP,cor_raca,ignorada,1,1216.34823386,0.03
2025T4,SP,cor_raca,indigena,11,13918.23113403,0.37
2025T4,SP,cor_raca,parda,1230,1435948.5496164,38.28
2025T4,SP,cor_raca,preta,312,407477.65669203,10.86
2025T4,TO,cor_raca,amarela,5,1038.27932025,0.81
2025T4,TO,cor_raca,branca,150,23946.72665589,18.61
2025T4,TO,cor_raca,indigena,5,1176.69187661,0.91
2025T4,TO,cor_raca,parda,421,79362.28687354,61.68
2025T4,TO,cor_raca,preta,122,23135.9020413,17.98
2025T4,AC,escolaridade,fundamental,291,22074.7367891,40.35
2025T4,AC,escolaridade,medio,229,22862.92963349,41.8
2025T4,AC,escolaridade,sem_instrucao,40,2951.5241516,5.4
2025T4,AC,escolaridade,superior,65,6812.56516303,12.45
2025T4,AL,escolaridade,fundamental,725,110090.33523487,42.0
2025T4,AL,escolaridade,medio,567,107407.58459653,40.98
2025T4,AL,escolaridade,sem_instrucao,128,18029.80888147,6.88
2025T4,AL,escolaridade,superior,136,26564.11474845,10.14
2025T4,AM,escolaridade,fundamental,812,183331.67883066,38.59
2025T4,AM,escolaridade,medio,732,210760.1039166,44.37
2025T4,AM,escolaridade,sem_instrucao,145,26566.28788564,5.59
2025T4,AM,escolaridade,superior,152,54380.544994820004,11.45
2025T4,AP,escolaridade,fundamental,262,33762.1580661,37.97
2025T4,AP,escolaridade,medio,249,37870.02601013,42.59
2025T4,AP,escolaridade,sem_instrucao,43,4755.29500429,5.35
2025T4,AP,escolaridade,superior,75,12527.64440297,14.09
2025T4,BA,escolaridade,fundamental,1268,675327.30409694,40.16
2025T4,BA,escolaridade,medio,1034,707501.76440308,42.07
2025T4,BA,escolaridade,sem_instrucao,222,97145.06012154,5.78
2025T4,BA,escolaridade,superior,255,201573.73681062,11.99
2025T4,CE,escolaridade,fundamental,1072,396764.80346564,42.15
2025T4,CE,escolaridade,medio,927,398966.89594141,42.38
2025T4,CE,escolaridade,sem_instrucao,159,47727.36787024,5.07
2025T4,CE,escolaridade,superior,229,97965.79147376,10.41
2025T4,DF,escolaridade,fundamental,136,42341.62659296,25.12
2025T4,DF,escolaridade,medio,227,77816.17142995,46.16
2025T4,DF,escolaridade,sem_instrucao,12,3157.73409113,1.87
2025T4,DF,escolaridade,superior,125,45263.80160252,26.85
2025T4,ES,escolaridade,fundamental,705,137702.42360355,40.77
2025T4,ES,escolaridade,medio,642,152369.87723024,45.11
2025T4,ES,escolaridade,sem_instrucao,33,5757.4393241,1.7
2025T4,ES,escolaridade,superior,181,41920.03737068,12.41
2025T4,GO,escolaridade,fundamental,547,204349.60381803,34.2
2025T4,GO,escolaridade,medio,574,266417.63491853,44.59
2025T4,GO,escolaridade,sem_instrucao,51,19357.1520436,3.24
2025T4,GO,escolaridade,superior,222,107347.75955214,17.97
2025T4,MA,escolaridade,fundamental,1923,357623.74585408,41.93
2025T4,MA,escolaridade,medio,1463,366372.88659126,42.96
2025T4,MA,escolaridade,sem_instrucao,388,65831.55175828,7.72
2025T4,MA,escolaridade,superior,223,63093.69616479,7.4
2025T4,MG,escolaridade,fundamental,1752,828379.65692559,43.15
2025T4,MG,escolaridade,medio,1296,773568.95391979,40.3
2025T4,MG,escolaridade,sem_instrucao,59,27274.830575609998,1.42
2025T4,MG,escolaridade,superior,470,290329.27395749,15.12
2025T4,MS,escolaridade,fundamental,432,86851.14641794,39.73
2025T4,MS,escolaridade,medio,342,81714.71855279,37.38
2025T4,MS,escolaridade,sem_instrucao,27,4146.66410998,1.9
2025T4,MS,escolaridade,superior,169,45915.93000032,21.0
2025T4,MT,escolaridade,fundamental,575,107771.32920589,37.04
2025T4,MT,escolaridade,medio,493,122511.07085715,42.1
2025T4,MT,escolaridade,sem_instrucao,51,8728.344795949999,3.0
2025T4,MT,escolaridade,superior,183,51966.94591086,17.86
2025T4,PA,escolaridade,fundamental,1232,503367.44829275,48.71
2025T4,PA,escolaridade,medio,861,392705.87209771,38.0
2025T4,PA,escolaridade,sem_instrucao,124,50447.97954912,4.88
2025T4,PA,escolaridade,superior,194,86788.99256231,8.4
2025T4,PB,escolaridade,fundamental,547,143317.98577516,43.11
2025T4,PB,escolaridade,medio,454,127528.2818321,38.36
2025T4,PB,escolaridade,sem_instrucao,91,21859.63671087,6.57
2025T4,PB,escolaridade,superior,144,39768.40485756,11.96
2025T4,PE,escolaridade,fundamental,645,281684.37010625,34.86
2025T4,PE,escolaridade,medio,671,383286.46517856,47.44
2025T4,PE,escolaridade,sem_instrucao,68,27948.94083051,3.46
2025T4,PE,escolaridade,superior,195,115069.11536365999,14.24
2025T4,PI,escolaridade,fundamental,527,141063.55927495,42.58
2025T4,PI,escolaridade,medio,453,132436.53973838,39.97
2025T4,PI,escolaridade,sem_instrucao,79,21056.8455447,6.36
2025T4,PI,escolaridade,superior,128,36747.0196007,11.09
2025T4,PR,escolaridade,fundamental,1019,332682.44287982,36.17
2025T4,PR,escolaridade,medio,999,407961.4274935,44.35
2025T4,PR,escolaridade,sem_instrucao,69,22453.86401438,2.44
2025T4,PR,escolaridade,superior,367,156713.86397465,17.04
2025T4,RJ,escolaridade,fundamental,1115,493999.44749073,29.16
2025T4,RJ,escolaridade,medio,1615,853761.42761724,50.4
2025T4,RJ,escolaridade,sem_instrucao,72,29150.61101936,1.72
2025T4,RJ,escolaridade,superior,598,316952.98961169,18.71
2025T4,RN,escolaridade,fundamental,421,132043.51023488,39.84
2025T4,RN,escolaridade,medio,401,143432.55674346,43.28
2025T4,RN,escolaridade,sem_instrucao,48,14238.88807803,4.3
2025T4,RN,escolaridade,superior,118,41722.69089196,12.59
2025T4,RO,escolaridade,fundamental,478,75286.73590562,46.22
2025T4,RO,escolaridade,medio,322,57628.80534584,35.38
2025T4,RO,escolaridade,sem_instrucao,51,7145.6252229599995,4.39
2025T4,RO,escolaridade,superior,100,22812.01552353,14.01
2025T4,RR,escolaridade,fundamental,201,16523.80849947,29.34
2025T4,RR,escolaridade,medio,253,28605.9145577,50.8
2025T4,RR,escolaridade,sem_instrucao,15,723.40373764,1.28
2025T4,RR,escolaridade,superior,80,10456.63232678,18.57
2025T4,RS,escolaridade,fundamental,1233,384646.02384586,41.98
2025T4,RS,escolaridade,medio,884,378689.64356435,41.33
2025T4,RS,escolaridade,sem_instrucao,26,8850.23226926,0.97
2025T4,RS,escolaridade,superior,337,144031.98614041,15.72
2025T4,SC,escolaridade,fundamental,1067,223359.06371579,36.75
2025T4,SC,escolaridade,medio,1055,261600.15620498,43.05
2025T4,SC,escolaridade,sem_instrucao,37,7832.01486785,1.29
2025T4,SC,escolaridade,superior,421,114912.25925174,18.91
2025T4,SE,escolaridade,fundamental,344,78116.06947849,40.48
2025T4,SE,escolaridade,medio,319,80079.43903616,41.5
2025T4,SE,escolaridade,sem_instrucao,37,7337.42487814,3.8
2025T4,SE,escolaridade,superior,91,27450.55238387,14.22
2025T4,SP,escolaridade,fundamental,1115,1073633.5350883,28.62
2025T4,SP,escolaridade,medio,1547,1894273.72843739,50.5
2025T4,SP,escolaridade,sem_instrucao,69,69398.95606447,1.85
2025T4,SP,escolaridade,superior,576,713885.16775006,19.03
2025T4,TO,escolaridade,fundamental,307,48709.97093456,37.86
2025T4,TO,escolaridade,medio,254,51615.04803803,40.12
2025T4,TO,escolaridade,sem_instrucao,49,8278.507446739999,6.43
2025T4,TO,escolaridade,superior,93,20056.36034826,15.59
